model,accuracy,value_EO_SEX,EO_SEX,value_EO_RACE,EO_RACE,value_EO_MAR,EO_MAR,dataset
LogisticRegression,0.7584097859327217,1.0_2.0,0.10777777777777778,1.0_2.0,0.3411764705882353,1.0_2.0,0.0493335265140539,SD_2
XGBoost,0.7889908256880734,1.0_2.0,0.07592592592592592,1.0_2.0,0.5529411764705883,2.0_1.0,0.026960784313725505,SD_2
LogisticRegression,0.7872053872053872,2.0_1.0,0.0719696969696969,4.0_5.0,0.6666666666666667,1.0_2.0,0.10026544401544402,AL_0
XGBoost,0.7811447811447811,1.0_2.0,0.05314505581409497,3.0_4.0,0.33333333333333337,1.0_2.0,0.12202129584942085,AL_0
LogisticRegression,0.7917383820998278,1.0_2.0,0.04714053494901732,3.0_2.0,1.0,1.0_2.0,0.1799069767441861,NM_0
XGBoost,0.7762478485370051,2.0_1.0,0.0871878232599379,3.0_4.0,0.75,1.0_2.0,0.11481213872832371,NM_0
LogisticRegression,0.8008611410118407,2.0_1.0,0.01833304453300988,2.0_3.0,0.47058823529411764,2.0_1.0,0.12478748724923494,AR_2
XGBoost,0.813778256189451,1.0_2.0,0.01673886674753075,5.0_3.0,1.0,2.0_1.0,0.060098605916354964,AR_2
LogisticRegression,0.7371349095966621,1.0_2.0,0.05303974518764715,2.0_3.0,0.5,1.0_2.0,0.11374517017903049,NE_2
XGBoost,0.7552155771905424,1.0_2.0,0.08659927064580158,1.0_3.0,0.5533980582524272,1.0_2.0,0.14635093167701863,NE_2
LogisticRegression,0.7746901990236575,2.0_1.0,0.08391587044781587,3.0_4.0,0.24135497529992944,1.0_2.0,0.13336149075497988,WA_2
XGBoost,0.8021028914757792,1.0_2.0,0.05825565912117181,4.0_5.0,0.1919642857142857,1.0_2.0,0.13042301111135174,WA_2
LogisticRegression,0.7825460829493087,2.0_1.0,0.08018867924528306,1.0_4.0,0.3522610483042138,1.0_2.0,0.2044025157232704,NC_1
XGBoost,0.7978110599078341,2.0_1.0,0.024595687331536387,3.0_4.0,0.44499999999999995,1.0_2.0,0.11163045385513666,NC_1
LogisticRegression,0.7813437312537492,2.0_1.0,0.09689844317173513,3.0_5.0,0.33999999999999997,1.0_2.0,0.1065420344779775,MI_1
XGBoost,0.7903419316136773,1.0_2.0,0.028633099863442146,3.0_2.0,0.43846153846153846,1.0_2.0,0.1316995578561414,MI_1
LogisticRegression,0.7593557555660825,2.0_1.0,0.09206001428911648,3.0_4.0,0.7333333333333333,1.0_2.0,0.08566063397369521,MO_2
XGBoost,0.7944102321174799,2.0_1.0,0.07026434865444153,3.0_4.0,0.8,1.0_2.0,0.07184751866219495,MO_2
LogisticRegression,0.7831775700934579,2.0_1.0,0.05479201249877941,4.0_5.0,0.42105263157894735,1.0_2.0,0.16558314522197137,MA_0
XGBoost,0.8160747663551402,1.0_2.0,0.029078377762588287,4.0_5.0,0.5526315789473684,1.0_2.0,0.17242394926367838,MA_0
LogisticRegression,0.7671232876712328,1.0_2.0,0.01984677565301321,4.0_3.0,0.5,1.0_2.0,0.07656555772994128,MT_1
XGBoost,0.7150684931506849,2.0_1.0,0.08461538461538459,3.0_5.0,1.0,2.0_1.0,0.19756097560975605,MT_1
LogisticRegression,0.7700214132762313,1.0_2.0,0.022685331772577394,4.0_5.0,0.6,1.0_2.0,0.15778635778635786,IN_0
XGBoost,0.7961456102783726,1.0_2.0,0.07628194672321208,4.0_5.0,0.4,1.0_2.0,0.15175175175175182,IN_0
LogisticRegression,0.7185185185185186,2.0_1.0,0.015797317436661684,3.0_4.0,1.0,1.0_2.0,0.11806569343065695,WV_0
XGBoost,0.7277777777777777,1.0_2.0,0.2682563338301044,3.0_4.0,1.0,1.0_2.0,0.2036496350364964,WV_0
LogisticRegression,0.775284306292646,2.0_1.0,0.011110705151625877,1.0_4.0,0.32961783439490444,1.0_2.0,0.09639007790175125,FL_0
XGBoost,0.8078847611827141,1.0_2.0,0.05179311956077337,4.0_2.0,0.22115384615384615,1.0_2.0,0.10075747694764259,FL_0
LogisticRegression,0.7625282167042889,2.0_1.0,0.032375114493059964,1.0_5.0,0.2409576461769115,1.0_2.0,0.1156213110883765,AZ_0
XGBoost,0.7909706546275395,1.0_2.0,0.0382582963432678,3.0_4.0,0.4441591784338896,1.0_2.0,0.11444229529335903,AZ_0
LogisticRegression,0.7715491259795058,1.0_2.0,0.08362222922575901,3.0_4.0,0.75,1.0_2.0,0.11392961876832841,SC_2
XGBoost,0.7920433996383364,1.0_2.0,0.07455264908778936,3.0_4.0,0.875,1.0_2.0,0.14489245324857714,SC_2
LogisticRegression,0.7783295711060948,2.0_1.0,0.025470653377630104,3.0_5.0,0.11519607843137254,1.0_2.0,0.13396622714164264,AZ_1
XGBoost,0.8027088036117381,1.0_2.0,0.03726584296532484,3.0_5.0,0.22976190476190483,1.0_2.0,0.09941895344338766,AZ_1
LogisticRegression,0.7726067746686304,2.0_1.0,0.03414871139398998,3.0_4.0,0.6666666666666666,1.0_2.0,0.10525504851822713,GA_1
XGBoost,0.8002945508100148,1.0_2.0,0.011668210037562604,3.0_4.0,0.27192982456140347,1.0_2.0,0.11613466642828651,GA_1
LogisticRegression,0.7383720930232558,2.0_1.0,0.09002433090024331,3.0_2.0,0.6388888888888888,1.0_2.0,0.21253561253561248,HI_2
XGBoost,0.7790697674418605,1.0_2.0,0.07438303788668754,5.0_2.0,0.7017543859649122,1.0_2.0,0.3088319088319088,HI_2
LogisticRegression,0.7556785090273733,2.0_1.0,0.07764174997373507,3.0_4.0,0.34325396825396826,1.0_2.0,0.13116837446680862,NY_2
XGBoost,0.7971753057658707,2.0_1.0,0.02694077857425703,3.0_5.0,0.2082166199813259,1.0_2.0,0.11165248032170354,NY_2
LogisticRegression,0.778584392014519,2.0_1.0,0.01938153310104529,1.0_2.0,0.43448275862068964,1.0_2.0,0.1025309917355372,ID_1
XGBoost,0.7695099818511797,2.0_1.0,0.1317508710801394,1.0_2.0,0.5724137931034483,1.0_2.0,0.1575413223140496,ID_1
LogisticRegression,0.7707509881422925,2.0_1.0,0.05635864250970035,4.0_2.0,0.22619047619047616,1.0_2.0,0.11550719604892541,PA_0
XGBoost,0.8010540184453228,1.0_2.0,0.048901343206864845,3.0_2.0,0.2716382150344415,1.0_2.0,0.1867753623188405,PA_0
LogisticRegression,0.7612461784830398,2.0_1.0,0.07763356055802151,3.0_4.0,0.3269076305220884,1.0_2.0,0.14188330389828008,NY_0
XGBoost,0.7947299461348085,1.0_2.0,0.040011115538151926,3.0_4.0,0.3710843373493976,1.0_2.0,0.11548958223194761,NY_0
LogisticRegression,0.7272727272727273,2.0_1.0,0.16666666666666663,1.0_3.0,0.53125,1.0_2.0,0.14857142857142858,AK_0
XGBoost,0.7532467532467533,2.0_1.0,0.03248826291079812,3.0_2.0,0.75,1.0_2.0,0.206963249516441,AK_0
LogisticRegression,0.759090909090909,1.0_2.0,0.028567674400779612,1.0_4.0,0.3738738738738739,1.0_2.0,0.1038917089678511,MS_0
XGBoost,0.7875,2.0_1.0,0.08254534641688965,3.0_4.0,0.6666666666666666,1.0_2.0,0.13996615905245346,MS_0
LogisticRegression,0.7599425011978918,1.0_2.0,0.07882394472741949,1.0_4.0,0.3822874944370272,1.0_2.0,0.16630268180042276,CO_1
XGBoost,0.7848586487781505,1.0_2.0,0.11151596147057341,3.0_4.0,0.5,1.0_2.0,0.15042676390739423,CO_1
LogisticRegression,0.7687366167023555,2.0_1.0,0.14878048780487801,1.0_2.0,0.5234375,1.0_2.0,0.13813068651778326,ME_2
XGBoost,0.8051391862955032,1.0_2.0,0.12132932244664088,1.0_2.0,0.6875,1.0_2.0,0.09567108828983026,ME_2
LogisticRegression,0.7658410138248848,2.0_1.0,0.015270799628442674,3.0_5.0,0.325,1.0_2.0,0.14264929513788993,NC_0
XGBoost,0.7969470046082949,1.0_2.0,0.03243542778264452,3.0_4.0,0.6736111111111112,1.0_2.0,0.12671900045209816,NC_0
LogisticRegression,0.7643240823634736,2.0_1.0,0.10990191304710095,3.0_4.0,0.4336569579288026,1.0_2.0,0.14360626944316268,IL_0
XGBoost,0.8030438675022381,1.0_2.0,0.03183735505575763,3.0_4.0,0.5113268608414239,1.0_2.0,0.1260973758242412,IL_0
LogisticRegression,0.7574609189957366,2.0_1.0,0.025346410182934154,4.0_3.0,0.7333333333333334,1.0_2.0,0.11129299807927362,MO_1
XGBoost,0.7858834675509238,1.0_2.0,0.024790353064498186,4.0_2.0,0.40625,1.0_2.0,0.10594552121529588,MO_1
LogisticRegression,0.8015873015873016,2.0_1.0,0.08696969696969696,2.0_3.0,1.0,1.0_2.0,0.185,VT_1
XGBoost,0.7738095238095238,1.0_2.0,0.22549019607843135,2.0_3.0,1.0,1.0_2.0,0.263125,VT_1
LogisticRegression,0.7803992740471869,1.0_2.0,0.06602564102564101,2.0_4.0,1.0,1.0_2.0,0.031526836894215746,ID_2
XGBoost,0.7840290381125227,1.0_2.0,0.05311355311355312,2.0_4.0,1.0,1.0_2.0,0.04882751433038039,ID_2
LogisticRegression,0.7441077441077442,2.0_1.0,0.15453915453915457,4.0_2.0,1.0,1.0_2.0,0.12315270935960587,ND_1
XGBoost,0.7542087542087542,2.0_1.0,0.17325017325017322,1.0_2.0,0.7009345794392523,1.0_2.0,0.22085385878489328,ND_1
LogisticRegression,0.7556363636363637,2.0_1.0,0.0591666666666667,1.0_4.0,0.5409836065573771,1.0_2.0,0.1364602710603242,LA_1
XGBoost,0.7898181818181819,1.0_2.0,0.027746094718571784,4.0_5.0,0.7777777777777778,1.0_2.0,0.15333510496943925,LA_1
LogisticRegression,0.7826215022091311,2.0_1.0,0.0859607120933088,3.0_4.0,0.746268656716418,1.0_2.0,0.14345256654230865,GA_0
XGBoost,0.7941089837997054,2.0_1.0,0.02872928176795575,3.0_4.0,0.746268656716418,1.0_2.0,0.12170339536402221,GA_0
LogisticRegression,0.7548821548821549,1.0_2.0,0.025500303808385083,4.0_5.0,0.75,1.0_2.0,0.10721709782720382,AL_2
XGBoost,0.7784511784511785,1.0_2.0,0.07648131088418042,4.0_2.0,0.5106382978723405,1.0_2.0,0.10965151479224465,AL_2
LogisticRegression,0.7902350813743219,2.0_1.0,0.06689726229025617,4.0_5.0,0.8888888888888888,1.0_2.0,0.18342705570291779,SC_1
XGBoost,0.8257986738999398,2.0_1.0,0.01254783632617018,4.0_5.0,0.7777777777777778,1.0_2.0,0.11751479289940828,SC_1
LogisticRegression,0.7790774663429706,2.0_1.0,0.05449914853358562,3.0_5.0,0.2669157326691573,1.0_2.0,0.13054061886209223,TX_2
XGBoost,0.8084308099757228,1.0_2.0,0.03173486712172137,3.0_5.0,0.31154005811540064,1.0_2.0,0.11081688508226806,TX_2
LogisticRegression,0.753968253968254,2.0_1.0,0.16444672131147542,1.0_2.0,0.5666666666666667,1.0_2.0,0.10864745011086475,VT_0
XGBoost,0.7142857142857143,1.0_2.0,0.07714468629961588,1.0_2.0,0.6555555555555556,1.0_2.0,0.166138739309471,VT_0
LogisticRegression,0.7380733944954129,2.0_1.0,0.07047424169475208,4.0_5.0,0.7857142857142857,1.0_2.0,0.11954462578378616,WI_1
XGBoost,0.7701834862385321,1.0_2.0,0.08717501203659128,1.0_5.0,0.4121031746031746,1.0_2.0,0.12842975941655177,WI_1
LogisticRegression,0.7899852724594992,2.0_1.0,0.06344493458507705,1.0_4.0,0.6644370122630993,1.0_2.0,0.11236712624322474,GA_2
XGBoost,0.8108983799705449,1.0_2.0,0.01883585315889358,3.0_4.0,0.8392857142857143,1.0_2.0,0.09355266273746252,GA_2
LogisticRegression,0.758542996620353,2.0_1.0,0.010343375715946013,3.0_4.0,0.2961165048543689,1.0_2.0,0.18663736263736264,WA_1
XGBoost,0.7945925647765678,1.0_2.0,0.05742530847443472,3.0_5.0,0.17706888580674984,1.0_2.0,0.14804395604395607,WA_1
LogisticRegression,0.7551509343555343,2.0_1.0,0.02507850115135024,2.0_4.0,0.2857142857142857,1.0_2.0,0.11648944047865883,CO_2
XGBoost,0.7934834690943938,2.0_1.0,0.04043332635545327,2.0_4.0,0.2857142857142857,1.0_2.0,0.10852166701223309,CO_2
LogisticRegression,0.7635605006954103,2.0_1.0,0.06225352112676058,5.0_3.0,1.0,1.0_2.0,0.09422695148098148,NE_1
XGBoost,0.7065368567454798,2.0_1.0,0.06929577464788733,1.0_2.0,0.49038461538461536,1.0_2.0,0.1781148256968157,NE_1
LogisticRegression,0.7773019271948608,1.0_2.0,0.07541478129713425,5.0_2.0,1.0,1.0_2.0,0.3367977528089888,ME_1
XGBoost,0.7794432548179872,1.0_2.0,0.04751131221719451,5.0_2.0,1.0,1.0_2.0,0.0924908424908425,ME_1
LogisticRegression,0.7705804458177002,2.0_1.0,0.013679968768243206,1.0_5.0,0.15531135531135531,1.0_2.0,0.10865482550971173,TX_0
XGBoost,0.8087618627234606,1.0_2.0,0.04281119653646587,3.0_4.0,0.22056384742951907,1.0_2.0,0.11389400139377803,TX_0
LogisticRegression,0.7714285714285715,2.0_1.0,0.057390817469204936,3.0_4.0,1.0,1.0_2.0,0.1051051051051051,DE_0
XGBoost,0.7619047619047619,2.0_1.0,0.10806270996640532,3.0_4.0,1.0,1.0_2.0,0.1061061061061061,DE_0
LogisticRegression,0.7841269841269841,2.0_1.0,0.060589754627636674,3.0_4.0,1.0,1.0_2.0,0.15763888888888888,DE_1
XGBoost,0.7904761904761904,1.0_2.0,0.06955736224028908,3.0_4.0,1.0,1.0_2.0,0.13518817824982682,DE_1
LogisticRegression,0.7694053563322741,2.0_1.0,0.07282269229530894,4.0_5.0,0.37341772151898733,1.0_2.0,0.161796695866894,MD_1
XGBoost,0.7975487970948706,1.0_2.0,0.04697748255838241,4.0_5.0,0.303030303030303,1.0_2.0,0.16855782232935507,MD_1
LogisticRegression,0.7570621468926554,2.0_1.0,0.03749373433583958,1.0_2.0,0.6847290640394089,1.0_2.0,0.17883055911224932,NH_2
XGBoost,0.775894538606403,1.0_2.0,0.09443609022556387,3.0_2.0,1.0,1.0_2.0,0.1301749893299189,NH_2
LogisticRegression,0.7880027266530334,2.0_1.0,0.07522539845318976,3.0_4.0,0.6666666666666666,1.0_2.0,0.1153499469777306,KY_2
XGBoost,0.7750511247443763,1.0_2.0,0.08907363874395582,3.0_4.0,0.8333333333333334,1.0_2.0,0.1288971367974549,KY_2
LogisticRegression,0.7674088109900521,2.0_1.0,0.08022672770874206,3.0_4.0,0.6470588235294118,1.0_2.0,0.12262816051960101,MO_0
XGBoost,0.8000947418285173,2.0_1.0,0.059644846106585825,3.0_4.0,0.8235294117647058,1.0_2.0,0.11805845511482249,MO_0
LogisticRegression,0.7716535433070866,2.0_1.0,0.02947368421052632,1.0_4.0,0.7891566265060241,1.0_2.0,0.14185252159935707,RI_0
XGBoost,0.7585301837270341,1.0_2.0,0.14160839160839161,1.0_4.0,0.7469879518072289,1.0_2.0,0.12447257383966245,RI_0
LogisticRegression,0.7219512195121951,2.0_1.0,0.29984301412872844,1.0_2.0,0.5409836065573771,1.0_2.0,0.24666666666666665,WY_0
XGBoost,0.775609756097561,1.0_2.0,0.11930926216640503,4.0_2.0,1.0,1.0_2.0,0.053333333333333344,WY_0
LogisticRegression,0.7793577981651376,1.0_2.0,0.029859475428160795,3.0_4.0,0.2666666666666666,1.0_2.0,0.21332949198117734,WI_0
XGBoost,0.7885321100917431,1.0_2.0,0.06901872330232743,3.0_4.0,0.43333333333333335,1.0_2.0,0.1952367233266109,WI_0
LogisticRegression,0.7831690674753601,2.0_1.0,0.04369300911854104,3.0_4.0,0.8333333333333334,1.0_2.0,0.23840671856846188,CT_1
XGBoost,0.7952994692949203,1.0_2.0,0.044380518164712696,3.0_4.0,0.9,1.0_2.0,0.15299746589942273,CT_1
LogisticRegression,0.7848217707934074,2.0_1.0,0.06561527295669523,3.0_5.0,0.23838571750624682,1.0_2.0,0.1325494532566992,CA_1
XGBoost,0.8190111153698735,1.0_2.0,0.02228375670259436,3.0_5.0,0.22109524630443878,1.0_2.0,0.12667590995012237,CA_1
LogisticRegression,0.7814854682454252,1.0_2.0,0.07091575091575092,4.0_5.0,0.8,1.0_2.0,0.10465313028764806,AR_1
XGBoost,0.7707212055974165,1.0_2.0,0.05836461911228265,4.0_5.0,0.46875,1.0_2.0,0.19458544839255504,AR_1
LogisticRegression,0.7267441860465116,2.0_1.0,0.07164209875270589,1.0_4.0,0.6857142857142857,1.0_2.0,0.1630663856691254,HI_1
XGBoost,0.7577519379844961,2.0_1.0,0.051786208806424816,1.0_4.0,0.7,1.0_2.0,0.1492549143944198,HI_1
LogisticRegression,0.7732453509298141,2.0_1.0,0.0830709251761883,3.0_4.0,0.6666666666666666,1.0_2.0,0.1746042505682045,MI_2
XGBoost,0.8044391121775645,1.0_2.0,0.03111483072569063,3.0_4.0,0.5151515151515151,1.0_2.0,0.1434347462020017,MI_2
LogisticRegression,0.7728275253639171,2.0_1.0,0.02320653330839048,1.0_4.0,0.49512987012987014,1.0_2.0,0.1356058129513507,TN_0
XGBoost,0.7820908689898545,1.0_2.0,0.012464046021093078,3.0_4.0,0.7142857142857143,1.0_2.0,0.11729917679574436,TN_0
LogisticRegression,0.774483970136144,2.0_1.0,0.06993136890679075,3.0_4.0,0.31972789115646255,1.0_2.0,0.13451771688176628,PA_2
XGBoost,0.8019323671497585,1.0_2.0,0.07330238006076152,3.0_5.0,0.2829931972789116,1.0_2.0,0.1400692362076111,PA_2
LogisticRegression,0.7510121457489879,2.0_1.0,0.09131455399061039,4.0_5.0,0.48181818181818187,1.0_2.0,0.11461538461538456,NV_0
XGBoost,0.7854251012145749,1.0_2.0,0.0251058511928077,4.0_2.0,0.5058823529411764,1.0_2.0,0.11796153846153845,NV_0
LogisticRegression,0.7761452031114953,2.0_1.0,0.011067937789806373,1.0_2.0,0.15520672829994858,1.0_2.0,0.12750059096682176,NC_2
XGBoost,0.8147507922788821,1.0_2.0,0.041526374859708226,3.0_4.0,0.4163265306122449,1.0_2.0,0.15032192667203537,NC_2
LogisticRegression,0.7424975798644724,2.0_1.0,0.04740164106879863,1.0_2.0,0.5848032564450475,1.0_2.0,0.12396941698101359,MN_1
XGBoost,0.7589545014520813,1.0_2.0,0.0718908155645897,1.0_5.0,0.1886024423337856,1.0_2.0,0.14912280701754388,MN_1
LogisticRegression,0.7858136300417247,2.0_1.0,0.16949323642237024,3.0_2.0,0.75,1.0_2.0,0.0726045064866095,NE_0
XGBoost,0.7510431154381085,1.0_2.0,0.10485933503836317,5.0_2.0,0.6,1.0_2.0,0.11583339655564828,NE_0
LogisticRegression,0.7359307359307359,1.0_2.0,0.15384615384615385,3.0_4.0,0.75,1.0_2.0,0.2036637931034483,AK_1
XGBoost,0.7619047619047619,1.0_2.0,0.11010558069381593,5.0_4.0,0.775,1.0_2.0,0.13757575757575757,AK_1
LogisticRegression,0.7487899322362053,1.0_2.0,0.014847159531619414,4.0_2.0,0.5555555555555556,1.0_2.0,0.1469127156430189,MN_2
XGBoost,0.7778315585672798,1.0_2.0,0.07827525302083041,5.0_2.0,0.4848484848484849,1.0_2.0,0.14846044307491188,MN_2
LogisticRegression,0.7455249153362361,2.0_1.0,0.1324887177576285,4.0_5.0,0.5555555555555556,1.0_2.0,0.16533546325878595,MN_0
XGBoost,0.7672955974842768,1.0_2.0,0.06897914789453397,4.0_2.0,0.5,1.0_2.0,0.16054313099041534,MN_0
LogisticRegression,0.7658802177858439,1.0_2.0,0.0353271028037383,1.0_2.0,0.49032258064516127,1.0_2.0,0.0535005224660397,ID_0
XGBoost,0.7767695099818511,1.0_2.0,0.08485981308411206,3.0_2.0,1.0,1.0_2.0,0.03934169278996866,ID_0
LogisticRegression,0.7724687144482366,1.0_2.0,0.02145896656534954,3.0_4.0,0.6,1.0_2.0,0.12055555555555558,MS_1
XGBoost,0.7747440273037542,2.0_1.0,0.13345808383233537,3.0_4.0,0.8,1.0_2.0,0.14904761904761904,MS_1
LogisticRegression,0.7070707070707071,1.0_2.0,0.11282051282051275,1.0_2.0,0.49514563106796117,1.0_2.0,0.19047619047619052,ND_0
XGBoost,0.7306397306397306,1.0_2.0,0.09743589743589742,4.0_2.0,1.0,1.0_2.0,0.20833333333333337,ND_0
LogisticRegression,0.7408993576017131,2.0_1.0,0.012615664040448615,3.0_4.0,0.47368421052631576,1.0_2.0,0.1401559893602633,IN_2
XGBoost,0.7862955032119915,1.0_2.0,0.05555768365206898,3.0_4.0,0.7894736842105263,1.0_2.0,0.15781073892069797,IN_2
LogisticRegression,0.7567482736974263,2.0_1.0,0.004414813253223682,3.0_4.0,0.35561497326203206,1.0_2.0,0.2088590956887487,NJ_1
XGBoost,0.7900188323917138,1.0_2.0,0.06173864894795128,3.0_5.0,0.20542585104995437,1.0_2.0,0.1822214654430743,NJ_1
LogisticRegression,0.7537037037037037,1.0_2.0,0.1918767507002801,3.0_5.0,0.5,1.0_2.0,0.09334781881998999,WV_2
XGBoost,0.7703703703703704,1.0_2.0,0.08280487120489366,3.0_5.0,0.6666666666666667,1.0_2.0,0.1322207958921695,WV_2
LogisticRegression,0.7561643835616438,1.0_2.0,0.057719788754271514,1.0_3.0,0.34615384615384615,1.0_2.0,0.10659439927732611,MT_0
XGBoost,0.7780821917808219,1.0_2.0,0.04193093727977448,1.0_3.0,0.5192307692307693,2.0_1.0,0.05555555555555558,MT_0
LogisticRegression,0.7812074443940081,2.0_1.0,0.06785660866530388,4.0_5.0,0.8904109589041096,1.0_2.0,0.18570675105485235,MD_2
XGBoost,0.8161597821152973,1.0_2.0,0.01817690805600569,4.0_5.0,0.9178082191780822,1.0_2.0,0.1695938818565401,MD_2
LogisticRegression,0.7720090293453724,2.0_1.0,0.03840669134786781,2.0_4.0,0.5131034482758621,1.0_2.0,0.06689128481581308,AZ_2
XGBoost,0.7995485327313769,1.0_2.0,0.03257141250562301,1.0_4.0,0.27945701357466063,1.0_2.0,0.06768493560946387,AZ_2
LogisticRegression,0.7397260273972602,2.0_1.0,0.1291866028708134,1.0_2.0,0.3877551020408163,1.0_2.0,0.357487922705314,MT_2
XGBoost,0.7726027397260274,1.0_2.0,0.007974481658692079,4.0_2.0,0.6,2.0_1.0,0.12130971551261405,MT_2
LogisticRegression,0.7738056548586285,2.0_1.0,0.08393304837688464,3.0_4.0,0.24561403508771928,1.0_2.0,0.17657518288740334,VA_2
XGBoost,0.8063048423789405,1.0_2.0,0.01246587828200485,3.0_4.0,0.2584070796460177,1.0_2.0,0.15397542976535905,VA_2
LogisticRegression,0.7738853503184714,2.0_1.0,0.17357656163626312,1.0_5.0,0.6666666666666666,1.0_2.0,0.03443526170798897,DE_2
XGBoost,0.7929936305732485,1.0_2.0,0.015542328042328024,1.0_5.0,0.7745098039215687,1.0_2.0,0.08687381103360814,DE_2
LogisticRegression,0.7568807339449541,1.0_2.0,0.02683363148479423,4.0_5.0,0.4848484848484848,1.0_2.0,0.13830854086578642,WI_2
XGBoost,0.7802752293577981,1.0_2.0,0.06380547254089143,2.0_5.0,0.6363636363636364,1.0_2.0,0.10638475681096449,WI_2
LogisticRegression,0.7580645161290323,2.0_1.0,0.06048632218844985,4.0_2.0,1.0,1.0_2.0,0.12968874700718278,KS_2
XGBoost,0.7713472485768501,1.0_2.0,0.08966565349544076,4.0_5.0,0.6,1.0_2.0,0.11656310568920307,KS_2
LogisticRegression,0.72782874617737,2.0_1.0,0.0735294117647059,3.0_2.0,0.5,1.0_2.0,0.1127272727272727,SD_1
XGBoost,0.7400611620795107,1.0_2.0,0.16176470588235292,4.0_2.0,0.5,1.0_2.0,0.0982905982905983,SD_1
LogisticRegression,0.7718141870684243,2.0_1.0,0.056134373763355755,4.0_5.0,0.42028985507246375,1.0_2.0,0.1765977326522985,NJ_2
XGBoost,0.7947269303201506,1.0_2.0,0.04144063998145764,4.0_2.0,0.4107142857142857,1.0_2.0,0.14774822474149743,NJ_2
LogisticRegression,0.7771797631862217,2.0_1.0,0.051212938005390785,4.0_5.0,1.0,1.0_2.0,0.07308541973490423,AR_0
XGBoost,0.7933261571582346,2.0_1.0,0.044647176722648396,4.0_3.0,0.8,1.0_2.0,0.07492636229749627,AR_0
LogisticRegression,0.7769028871391076,2.0_1.0,0.10793650793650789,3.0_5.0,0.8,1.0_2.0,0.14037433155080212,RI_2
XGBoost,0.7926509186351706,2.0_1.0,0.14603174603174596,4.0_2.0,0.6,1.0_2.0,0.1776165011459129,RI_2
LogisticRegression,0.7561153174140943,2.0_1.0,0.04971572007500147,1.0_4.0,0.2846173699832237,1.0_2.0,0.13670949806660954,NY_1
XGBoost,0.7983401281304601,1.0_2.0,0.025833582909054603,1.0_4.0,0.19596076913150084,1.0_2.0,0.11272832875144603,NY_1
LogisticRegression,0.7590132827324478,2.0_1.0,0.021965097428398875,3.0_4.0,0.5,1.0_2.0,0.07901879327398616,KS_0
XGBoost,0.7703984819734345,1.0_2.0,0.07830843677677257,3.0_4.0,0.8333333333333334,1.0_2.0,0.1800766283524905,KS_0
LogisticRegression,0.7694053563322741,2.0_1.0,0.052025164345797736,4.0_5.0,0.36363636363636365,1.0_2.0,0.1705597947638469,MD_0
XGBoost,0.8043576940535633,1.0_2.0,0.03859721735808208,4.0_5.0,0.36363636363636365,1.0_2.0,0.14185962373371927,MD_0
LogisticRegression,0.7694907072169925,2.0_1.0,0.030912835629121505,2.0_4.0,0.6333333333333333,1.0_2.0,0.11523803371875196,OH_0
XGBoost,0.7986965966690803,1.0_2.0,0.031063998639532908,3.0_4.0,0.7096774193548387,1.0_2.0,0.13892298085825627,OH_0
LogisticRegression,0.7672699183403222,2.0_1.0,0.03304953915986511,3.0_5.0,0.33440502586844056,1.0_2.0,0.14337236605134374,TX_1
XGBoost,0.8012580004414037,1.0_2.0,0.04126364976183916,3.0_5.0,0.3296747967479674,1.0_2.0,0.10377968100928252,TX_1
LogisticRegression,0.7865019850022056,2.0_1.0,0.11267321132791985,1.0_4.0,0.5612244897959183,1.0_2.0,0.09986871717929485,TN_2
XGBoost,0.8125275694750772,2.0_1.0,0.07479901426089774,5.0_4.0,0.6666666666666666,1.0_2.0,0.09710240060015007,TN_2
LogisticRegression,0.7762361057876581,2.0_1.0,0.03537646175400677,3.0_5.0,0.2804077439874714,1.0_2.0,0.11163799256688572,CA_2
XGBoost,0.8200076657723265,1.0_2.0,0.02074005300854853,1.0_5.0,0.200047727389827,1.0_2.0,0.10564529910022046,CA_2
LogisticRegression,0.751937984496124,2.0_1.0,0.07735788113695091,1.0_4.0,0.6666666666666666,1.0_2.0,0.12142857142857133,HI_0
XGBoost,0.7655038759689923,1.0_2.0,0.08750000000000002,2.0_4.0,1.0,1.0_2.0,0.11062661498708011,HI_0
LogisticRegression,0.7719337511190689,2.0_1.0,0.07382999215238639,3.0_4.0,0.7916666666666666,1.0_2.0,0.11473872573243316,IL_1
XGBoost,0.8102059086839749,1.0_2.0,0.04710957722174289,3.0_4.0,0.8541666666666666,1.0_2.0,0.10988295979241629,IL_1
LogisticRegression,0.7643051771117166,2.0_1.0,0.060641223998624705,4.0_2.0,0.7857142857142857,1.0_2.0,0.11468247342349858,KY_0
XGBoost,0.7881471389645777,1.0_2.0,0.017212480660134033,4.0_2.0,0.6428571428571428,1.0_2.0,0.11602536997885836,KY_0
LogisticRegression,0.7680060652009097,2.0_1.0,0.06601607347876004,3.0_4.0,0.8846153846153846,1.0_2.0,0.19684158472027433,CT_2
XGBoost,0.7877179681576952,1.0_2.0,0.04447976361031514,1.0_4.0,0.8067542213883677,1.0_2.0,0.1728129838755442,CT_2
LogisticRegression,0.7619047619047619,2.0_1.0,0.016363636363636358,1.0_3.0,0.6621621621621622,1.0_2.0,0.2121212121212121,AK_2
XGBoost,0.7575757575757576,2.0_1.0,0.1090909090909091,1.0_5.0,0.6317567567567568,1.0_2.0,0.19138755980861244,AK_2
LogisticRegression,0.7740628166160081,2.0_1.0,0.05693581780538304,1.0_5.0,0.5089285714285714,1.0_2.0,0.1481799123308557,NV_2
XGBoost,0.7882472137791287,2.0_1.0,0.02744996549344375,4.0_5.0,0.36904761904761907,1.0_2.0,0.2410901467505241,NV_2
