,Unnamed: 0,AGEP,COW,SCHL,MAR,OCCP,POBP,RELP,WKHP,SEX,RAC1P,PINCP,__index_level_0__
0,0,47.0,2.0,18.0,1.0,3645.0,33.0,0.0,39.0,2.0,1.0,False,2095
1,1,27.0,1.0,21.0,2.0,1065.0,33.0,0.0,40.0,2.0,1.0,True,2556
2,2,36.0,1.0,22.0,2.0,350.0,33.0,0.0,44.0,2.0,1.0,True,4249
3,3,17.0,1.0,13.0,2.0,4720.0,33.0,2.0,8.0,1.0,1.0,False,5351
4,4,71.0,2.0,19.0,1.0,5860.0,34.0,0.0,24.0,2.0,1.0,False,2084
5,5,52.0,1.0,20.0,1.0,9645.0,33.0,0.0,48.0,1.0,1.0,False,3622
6,6,79.0,3.0,18.0,1.0,5740.0,33.0,0.0,12.0,1.0,1.0,False,7925
7,7,34.0,1.0,20.0,1.0,7700.0,33.0,0.0,55.0,1.0,1.0,True,2914
8,8,20.0,1.0,19.0,2.0,4110.0,39.0,12.0,30.0,2.0,1.0,False,3607
9,9,19.0,4.0,19.0,2.0,230.0,24.0,17.0,8.0,2.0,1.0,False,56
10,10,27.0,1.0,19.0,2.0,7750.0,33.0,0.0,54.0,2.0,1.0,True,1642
11,11,59.0,1.0,16.0,1.0,440.0,25.0,5.0,70.0,1.0,1.0,True,5356
12,12,25.0,1.0,16.0,2.0,6230.0,33.0,0.0,38.0,1.0,1.0,False,5801
13,13,29.0,1.0,18.0,2.0,120.0,25.0,13.0,40.0,2.0,1.0,True,7683
14,14,32.0,1.0,19.0,1.0,530.0,33.0,1.0,42.0,2.0,1.0,False,1063
15,15,33.0,1.0,21.0,2.0,2710.0,33.0,0.0,46.0,1.0,1.0,True,5031
16,16,28.0,1.0,21.0,2.0,4000.0,33.0,2.0,36.0,1.0,1.0,False,7832
17,17,60.0,1.0,16.0,1.0,8225.0,33.0,0.0,40.0,1.0,1.0,True,2620
18,18,55.0,1.0,16.0,2.0,9645.0,34.0,2.0,20.0,1.0,1.0,False,2945
19,19,33.0,3.0,22.0,1.0,230.0,25.0,1.0,50.0,2.0,2.0,True,3100
20,20,45.0,1.0,16.0,1.0,8225.0,33.0,1.0,40.0,1.0,1.0,False,6904
21,21,62.0,2.0,16.0,1.0,3500.0,233.0,1.0,40.0,2.0,2.0,False,1115
22,22,63.0,6.0,21.0,2.0,850.0,50.0,0.0,2.0,1.0,1.0,False,2930
23,23,37.0,1.0,18.0,1.0,4700.0,110.0,1.0,41.0,2.0,1.0,False,2390
24,24,52.0,1.0,22.0,1.0,1530.0,34.0,0.0,50.0,1.0,1.0,True,4896
25,25,19.0,6.0,19.0,2.0,4621.0,33.0,17.0,30.0,1.0,1.0,False,147
26,26,62.0,3.0,22.0,2.0,2006.0,12.0,0.0,40.0,2.0,1.0,True,5192
27,27,19.0,2.0,18.0,2.0,4540.0,13.0,17.0,8.0,2.0,2.0,False,192
28,28,57.0,7.0,21.0,1.0,10.0,6.0,1.0,40.0,1.0,1.0,True,2323
29,29,53.0,2.0,23.0,2.0,3100.0,36.0,0.0,55.0,1.0,1.0,True,2120
30,30,33.0,1.0,19.0,1.0,6305.0,33.0,1.0,40.0,1.0,1.0,True,7037
31,31,61.0,2.0,18.0,1.0,5310.0,11.0,0.0,40.0,2.0,1.0,False,1249
32,32,59.0,1.0,16.0,1.0,4700.0,33.0,1.0,40.0,2.0,1.0,False,6659
33,33,83.0,6.0,21.0,1.0,4920.0,25.0,0.0,40.0,1.0,1.0,True,2413
34,34,62.0,2.0,21.0,1.0,3255.0,50.0,1.0,40.0,2.0,1.0,True,1664
35,35,65.0,2.0,22.0,2.0,800.0,25.0,0.0,5.0,1.0,1.0,True,5883
36,36,46.0,1.0,21.0,1.0,4820.0,33.0,0.0,40.0,1.0,1.0,True,1856
37,37,52.0,1.0,16.0,1.0,5740.0,33.0,0.0,40.0,2.0,1.0,True,2527
38,38,29.0,1.0,21.0,2.0,4110.0,33.0,2.0,20.0,2.0,1.0,False,5743
39,39,31.0,3.0,19.0,2.0,3820.0,25.0,0.0,65.0,1.0,1.0,True,3919
40,40,58.0,1.0,21.0,1.0,4700.0,33.0,1.0,80.0,1.0,1.0,True,5382
41,41,44.0,7.0,21.0,1.0,4850.0,36.0,0.0,60.0,1.0,1.0,True,3527
42,42,25.0,1.0,20.0,2.0,4040.0,25.0,13.0,40.0,2.0,1.0,False,2004
43,43,49.0,1.0,19.0,1.0,6355.0,44.0,0.0,48.0,1.0,1.0,True,2235
44,44,55.0,2.0,16.0,2.0,3655.0,25.0,0.0,40.0,2.0,1.0,False,3619
45,45,58.0,1.0,16.0,1.0,2635.0,25.0,1.0,50.0,1.0,1.0,True,5254
46,46,37.0,2.0,21.0,1.0,420.0,37.0,0.0,40.0,2.0,1.0,True,2304
47,47,29.0,2.0,21.0,1.0,2850.0,23.0,1.0,45.0,2.0,1.0,False,2605
48,48,36.0,1.0,16.0,1.0,8030.0,50.0,1.0,45.0,1.0,1.0,False,2465
49,49,42.0,1.0,18.0,2.0,4220.0,33.0,0.0,40.0,1.0,1.0,True,6396
50,50,54.0,2.0,22.0,2.0,4700.0,25.0,0.0,50.0,2.0,1.0,True,932
51,51,38.0,1.0,17.0,2.0,9130.0,33.0,2.0,70.0,1.0,1.0,False,6909
52,52,24.0,1.0,16.0,2.0,4010.0,33.0,11.0,40.0,1.0,1.0,False,1985
53,53,20.0,8.0,16.0,2.0,4010.0,33.0,0.0,45.0,2.0,1.0,False,7739
54,54,30.0,1.0,17.0,2.0,4030.0,33.0,13.0,40.0,2.0,1.0,False,7030
55,55,50.0,2.0,21.0,1.0,3255.0,233.0,1.0,32.0,2.0,2.0,True,6539
56,56,27.0,1.0,21.0,2.0,310.0,229.0,15.0,40.0,1.0,2.0,False,7643
57,57,40.0,1.0,20.0,1.0,440.0,33.0,0.0,40.0,1.0,1.0,True,4252
58,58,24.0,1.0,18.0,2.0,6442.0,25.0,13.0,50.0,1.0,1.0,False,3914
59,59,62.0,1.0,22.0,1.0,530.0,233.0,1.0,40.0,2.0,2.0,True,3967
60,60,47.0,2.0,20.0,1.0,2002.0,25.0,0.0,40.0,2.0,1.0,False,4027
61,61,69.0,6.0,19.0,1.0,6230.0,33.0,1.0,5.0,1.0,1.0,False,929
62,62,79.0,6.0,18.0,1.0,3603.0,39.0,0.0,20.0,1.0,1.0,False,4273
63,63,28.0,1.0,16.0,2.0,4251.0,163.0,3.0,50.0,2.0,1.0,False,7426
64,64,29.0,1.0,20.0,1.0,4700.0,24.0,1.0,40.0,2.0,1.0,False,6053
65,65,57.0,2.0,19.0,1.0,4330.0,25.0,0.0,45.0,1.0,1.0,False,3339
66,66,20.0,2.0,16.0,2.0,230.0,33.0,2.0,5.0,2.0,1.0,False,988
67,67,60.0,6.0,24.0,1.0,3250.0,9.0,0.0,50.0,2.0,1.0,False,6458
68,68,39.0,1.0,20.0,1.0,6355.0,33.0,0.0,50.0,1.0,1.0,True,7304
69,69,54.0,7.0,24.0,1.0,710.0,6.0,0.0,36.0,1.0,1.0,True,2879
70,70,25.0,1.0,20.0,2.0,440.0,33.0,13.0,50.0,1.0,2.0,False,6127
71,71,18.0,1.0,18.0,2.0,4110.0,25.0,17.0,20.0,2.0,1.0,False,24
72,72,25.0,1.0,19.0,2.0,4700.0,33.0,0.0,40.0,2.0,1.0,False,4736
73,73,38.0,3.0,22.0,1.0,2310.0,36.0,1.0,40.0,2.0,1.0,True,7838
74,74,26.0,1.0,24.0,2.0,3050.0,25.0,2.0,40.0,2.0,1.0,True,1557
75,75,37.0,1.0,14.0,1.0,6442.0,49.0,1.0,40.0,1.0,1.0,True,6417
76,76,52.0,1.0,12.0,2.0,440.0,33.0,0.0,60.0,1.0,1.0,False,5219
77,77,57.0,2.0,16.0,2.0,10.0,23.0,13.0,40.0,1.0,1.0,True,1880
78,78,36.0,1.0,19.0,1.0,440.0,33.0,0.0,40.0,1.0,1.0,True,2988
79,79,28.0,1.0,16.0,1.0,7130.0,33.0,0.0,50.0,1.0,1.0,False,6594
80,80,58.0,1.0,19.0,1.0,4850.0,25.0,0.0,40.0,1.0,1.0,True,5527
81,81,65.0,2.0,20.0,1.0,4965.0,25.0,0.0,40.0,2.0,1.0,True,7338
82,82,22.0,1.0,21.0,2.0,4760.0,33.0,2.0,35.0,1.0,1.0,False,2829
83,83,41.0,1.0,21.0,1.0,1240.0,33.0,0.0,40.0,1.0,1.0,True,3837
84,84,18.0,1.0,18.0,2.0,4110.0,33.0,17.0,35.0,2.0,1.0,False,372
85,85,64.0,1.0,24.0,1.0,735.0,55.0,0.0,40.0,1.0,1.0,True,4951
86,86,62.0,3.0,22.0,1.0,3820.0,25.0,0.0,40.0,1.0,1.0,True,4953
87,87,28.0,1.0,19.0,1.0,750.0,33.0,0.0,46.0,1.0,1.0,True,1504
88,88,53.0,4.0,22.0,1.0,565.0,25.0,0.0,40.0,2.0,1.0,True,4194
89,89,26.0,1.0,17.0,2.0,8320.0,23.0,0.0,40.0,1.0,1.0,True,5197
90,90,35.0,3.0,21.0,1.0,3255.0,33.0,1.0,37.0,2.0,1.0,False,4289
91,91,50.0,1.0,21.0,1.0,5000.0,33.0,0.0,40.0,2.0,1.0,True,1179
92,92,60.0,1.0,16.0,1.0,4720.0,25.0,1.0,28.0,2.0,1.0,False,2354
93,93,67.0,1.0,22.0,1.0,1108.0,25.0,1.0,45.0,1.0,1.0,True,4704
94,94,30.0,1.0,21.0,2.0,9645.0,25.0,12.0,45.0,1.0,1.0,True,3701
95,95,53.0,1.0,21.0,1.0,300.0,51.0,0.0,45.0,1.0,1.0,True,4215
96,96,34.0,1.0,16.0,1.0,5740.0,25.0,1.0,40.0,2.0,1.0,False,3895
97,97,22.0,1.0,16.0,2.0,8100.0,9.0,2.0,40.0,1.0,1.0,False,811
98,98,21.0,1.0,19.0,2.0,5160.0,25.0,0.0,35.0,2.0,1.0,False,3104
99,99,17.0,1.0,13.0,2.0,5860.0,33.0,2.0,6.0,1.0,1.0,False,3640
100,100,61.0,1.0,16.0,2.0,8030.0,17.0,0.0,40.0,1.0,1.0,True,6558
101,101,27.0,1.0,16.0,2.0,6330.0,314.0,13.0,40.0,1.0,2.0,False,2186
102,102,39.0,1.0,16.0,1.0,9130.0,25.0,1.0,60.0,1.0,1.0,True,2826
103,103,44.0,1.0,20.0,1.0,1545.0,210.0,1.0,40.0,2.0,2.0,True,3096
104,104,50.0,2.0,20.0,1.0,3255.0,33.0,1.0,36.0,2.0,1.0,True,3628
105,105,47.0,6.0,16.0,1.0,6260.0,25.0,1.0,40.0,1.0,1.0,True,1957
106,106,25.0,2.0,21.0,2.0,420.0,33.0,0.0,40.0,1.0,1.0,False,5039
107,107,40.0,1.0,19.0,2.0,705.0,24.0,0.0,40.0,1.0,1.0,True,4085
108,108,43.0,1.0,20.0,2.0,750.0,42.0,2.0,45.0,1.0,1.0,True,3793
109,109,66.0,1.0,20.0,1.0,4020.0,36.0,0.0,13.0,2.0,1.0,False,7253
110,110,58.0,3.0,21.0,1.0,1980.0,120.0,0.0,40.0,1.0,1.0,True,2961
111,111,75.0,3.0,16.0,1.0,4220.0,25.0,0.0,15.0,1.0,1.0,False,6981
112,112,21.0,1.0,16.0,2.0,4600.0,449.0,15.0,40.0,2.0,1.0,False,3081
113,113,64.0,1.0,21.0,1.0,4760.0,33.0,0.0,28.0,2.0,1.0,False,3281
114,114,29.0,1.0,24.0,1.0,340.0,33.0,0.0,20.0,2.0,1.0,True,6502
115,115,31.0,1.0,22.0,2.0,1021.0,210.0,12.0,40.0,1.0,2.0,True,5487
116,116,47.0,1.0,21.0,2.0,1021.0,34.0,0.0,40.0,1.0,1.0,True,2088
117,117,29.0,5.0,24.0,1.0,9830.0,33.0,1.0,40.0,1.0,1.0,False,6503
118,118,34.0,7.0,20.0,1.0,2910.0,25.0,1.0,20.0,2.0,1.0,False,2915
119,119,20.0,1.0,16.0,2.0,4220.0,33.0,2.0,6.0,2.0,1.0,False,5453
120,120,22.0,1.0,21.0,1.0,5740.0,33.0,2.0,40.0,2.0,1.0,False,2291
121,121,59.0,6.0,16.0,1.0,205.0,33.0,1.0,60.0,1.0,1.0,False,1393
122,122,52.0,3.0,16.0,1.0,5400.0,33.0,1.0,8.0,2.0,1.0,False,5859
123,123,51.0,6.0,21.0,1.0,3601.0,25.0,0.0,40.0,2.0,1.0,True,1441
124,124,56.0,1.0,19.0,2.0,3500.0,25.0,13.0,40.0,2.0,1.0,False,4524
125,125,35.0,6.0,21.0,2.0,4700.0,33.0,12.0,36.0,2.0,1.0,False,4682
126,126,22.0,1.0,16.0,2.0,4110.0,25.0,2.0,20.0,2.0,1.0,False,2254
127,127,70.0,1.0,16.0,1.0,9121.0,23.0,1.0,30.0,1.0,1.0,False,5442
128,128,54.0,6.0,16.0,2.0,6200.0,13.0,0.0,65.0,1.0,1.0,False,3489
129,129,47.0,1.0,22.0,1.0,4710.0,33.0,0.0,40.0,2.0,1.0,False,2086
130,130,48.0,1.0,21.0,1.0,3255.0,18.0,1.0,36.0,2.0,1.0,False,2459
131,131,54.0,2.0,20.0,1.0,4810.0,33.0,1.0,60.0,1.0,1.0,True,2332
132,132,59.0,1.0,17.0,1.0,9130.0,12.0,0.0,15.0,2.0,1.0,False,4709
133,133,55.0,7.0,19.0,1.0,2634.0,25.0,0.0,40.0,2.0,1.0,True,5677
134,134,61.0,1.0,20.0,2.0,845.0,36.0,0.0,45.0,2.0,1.0,True,7744
135,135,18.0,1.0,18.0,2.0,4720.0,33.0,2.0,20.0,1.0,1.0,False,5043
136,136,76.0,5.0,23.0,1.0,1006.0,36.0,0.0,40.0,1.0,1.0,True,2377
137,137,45.0,7.0,19.0,1.0,600.0,25.0,1.0,75.0,1.0,1.0,True,2105
138,138,46.0,1.0,20.0,1.0,9600.0,33.0,1.0,50.0,1.0,2.0,False,3002
139,139,60.0,7.0,16.0,2.0,6260.0,33.0,15.0,45.0,1.0,1.0,False,3063
140,140,55.0,1.0,21.0,1.0,750.0,25.0,1.0,50.0,1.0,1.0,True,4561
141,141,43.0,1.0,21.0,1.0,300.0,36.0,0.0,50.0,1.0,1.0,True,5933
142,142,62.0,3.0,19.0,1.0,1410.0,25.0,0.0,40.0,1.0,1.0,True,6435
143,143,68.0,1.0,21.0,1.0,440.0,33.0,0.0,40.0,1.0,1.0,True,2886
144,144,34.0,1.0,18.0,2.0,8740.0,33.0,2.0,45.0,2.0,1.0,False,1526
145,145,43.0,1.0,19.0,1.0,2640.0,6.0,0.0,50.0,1.0,1.0,True,3384
146,146,26.0,1.0,16.0,2.0,4850.0,10.0,2.0,40.0,2.0,1.0,False,7198
147,147,60.0,1.0,21.0,2.0,4760.0,33.0,0.0,53.0,1.0,1.0,False,523
148,148,50.0,1.0,20.0,1.0,4920.0,25.0,1.0,35.0,2.0,1.0,False,4758
149,149,46.0,1.0,22.0,1.0,140.0,25.0,0.0,48.0,1.0,1.0,True,3073
150,150,31.0,1.0,16.0,2.0,600.0,33.0,0.0,45.0,2.0,1.0,False,6295
151,151,37.0,2.0,21.0,1.0,420.0,33.0,1.0,25.0,2.0,1.0,False,4822
152,152,57.0,1.0,16.0,1.0,7340.0,33.0,0.0,48.0,1.0,1.0,True,6976
153,153,81.0,2.0,18.0,1.0,5400.0,11.0,0.0,15.0,1.0,1.0,False,1041
154,154,43.0,1.0,19.0,1.0,9645.0,33.0,0.0,40.0,1.0,1.0,False,1428
155,155,57.0,2.0,22.0,1.0,2006.0,12.0,1.0,45.0,2.0,1.0,False,5741
156,156,41.0,2.0,21.0,1.0,3030.0,210.0,1.0,16.0,2.0,2.0,False,6265
157,157,46.0,1.0,22.0,2.0,630.0,23.0,0.0,40.0,1.0,1.0,True,2284
158,158,18.0,1.0,16.0,2.0,1410.0,23.0,2.0,40.0,1.0,1.0,False,3790
159,159,37.0,1.0,20.0,1.0,120.0,33.0,0.0,40.0,2.0,1.0,True,6610
160,160,54.0,1.0,21.0,1.0,9150.0,229.0,0.0,30.0,1.0,2.0,False,4776
161,161,24.0,1.0,19.0,2.0,5350.0,33.0,15.0,50.0,1.0,1.0,False,5507
162,162,22.0,2.0,20.0,2.0,3602.0,33.0,0.0,30.0,2.0,1.0,False,2212
163,163,56.0,4.0,23.0,1.0,2100.0,25.0,1.0,50.0,1.0,1.0,False,2303
164,164,27.0,1.0,16.0,2.0,6230.0,33.0,12.0,40.0,1.0,1.0,True,4177
165,165,55.0,1.0,22.0,1.0,735.0,36.0,0.0,45.0,2.0,1.0,True,6111
166,166,46.0,1.0,21.0,1.0,5860.0,33.0,1.0,24.0,2.0,1.0,False,3639
167,167,50.0,1.0,16.0,1.0,4700.0,25.0,1.0,40.0,2.0,1.0,False,6436
168,168,53.0,1.0,19.0,2.0,4850.0,25.0,0.0,48.0,1.0,1.0,False,6454
169,169,59.0,1.0,19.0,1.0,4720.0,23.0,1.0,35.0,2.0,1.0,False,2012
170,170,68.0,7.0,22.0,2.0,3245.0,25.0,13.0,40.0,2.0,1.0,False,3928
171,171,54.0,1.0,13.0,1.0,3603.0,17.0,1.0,38.0,2.0,2.0,False,4984
172,172,31.0,6.0,20.0,1.0,2910.0,25.0,1.0,20.0,2.0,1.0,False,7764
173,173,60.0,2.0,20.0,1.0,5310.0,25.0,0.0,24.0,2.0,1.0,False,4957
174,174,63.0,2.0,20.0,2.0,4010.0,33.0,0.0,50.0,2.0,1.0,False,4801
175,175,68.0,2.0,21.0,1.0,5410.0,25.0,0.0,40.0,1.0,1.0,True,1481
176,176,49.0,3.0,22.0,1.0,1825.0,23.0,1.0,50.0,2.0,1.0,False,695
177,177,51.0,1.0,16.0,1.0,3500.0,9.0,0.0,40.0,2.0,1.0,False,1193
178,178,19.0,1.0,18.0,2.0,4251.0,33.0,17.0,18.0,1.0,1.0,False,92
179,179,53.0,1.0,21.0,1.0,800.0,25.0,0.0,20.0,2.0,1.0,False,1318
180,180,48.0,6.0,16.0,1.0,6410.0,25.0,1.0,30.0,1.0,1.0,False,7847
181,181,30.0,1.0,21.0,2.0,5820.0,25.0,13.0,40.0,2.0,1.0,False,6782
182,182,43.0,1.0,16.0,1.0,4600.0,33.0,0.0,20.0,2.0,1.0,False,2053
183,183,40.0,1.0,22.0,1.0,3500.0,23.0,1.0,40.0,2.0,1.0,False,3225
184,184,24.0,1.0,17.0,1.0,4220.0,329.0,17.0,40.0,2.0,2.0,False,146
185,185,50.0,1.0,19.0,1.0,52.0,9.0,1.0,50.0,1.0,1.0,True,4067
186,186,28.0,1.0,16.0,2.0,4251.0,33.0,7.0,40.0,1.0,1.0,False,1458
187,187,36.0,6.0,19.0,1.0,8030.0,33.0,1.0,50.0,1.0,1.0,True,1542
188,188,57.0,1.0,16.0,1.0,5740.0,33.0,1.0,40.0,2.0,1.0,False,6240
189,189,46.0,4.0,16.0,1.0,5860.0,33.0,0.0,40.0,2.0,1.0,False,3891
190,190,26.0,1.0,21.0,2.0,2001.0,33.0,0.0,60.0,2.0,1.0,False,1459
191,191,54.0,3.0,20.0,1.0,3870.0,25.0,0.0,45.0,1.0,1.0,True,5979
192,192,60.0,1.0,17.0,1.0,5240.0,33.0,0.0,15.0,2.0,1.0,False,5183
193,193,41.0,6.0,12.0,2.0,6220.0,33.0,0.0,20.0,1.0,1.0,False,752
194,194,20.0,1.0,19.0,2.0,4720.0,25.0,17.0,25.0,2.0,1.0,False,317
195,195,20.0,1.0,19.0,2.0,3930.0,25.0,17.0,16.0,2.0,2.0,False,163
196,196,40.0,1.0,16.0,2.0,6260.0,33.0,0.0,50.0,1.0,1.0,True,3704
197,197,24.0,1.0,16.0,2.0,4700.0,25.0,0.0,38.0,2.0,1.0,False,3593
198,198,52.0,2.0,19.0,1.0,410.0,39.0,0.0,35.0,2.0,1.0,True,2446
199,199,23.0,3.0,22.0,2.0,2310.0,4.0,13.0,40.0,2.0,2.0,False,7587
200,200,60.0,1.0,19.0,1.0,51.0,25.0,0.0,50.0,1.0,1.0,True,4011
201,201,20.0,1.0,19.0,2.0,4760.0,51.0,2.0,20.0,2.0,1.0,False,4910
202,202,70.0,2.0,24.0,1.0,2205.0,25.0,0.0,50.0,1.0,1.0,False,2705
203,203,47.0,2.0,22.0,1.0,230.0,50.0,1.0,60.0,1.0,1.0,True,6678
204,204,49.0,1.0,16.0,2.0,6260.0,13.0,13.0,40.0,1.0,1.0,True,5057
205,205,45.0,2.0,16.0,2.0,5600.0,33.0,2.0,40.0,1.0,1.0,False,7519
206,206,31.0,2.0,22.0,2.0,3550.0,37.0,0.0,50.0,2.0,1.0,False,4368
207,207,49.0,1.0,16.0,1.0,5740.0,33.0,0.0,12.0,2.0,1.0,False,2117
208,208,58.0,2.0,16.0,1.0,3515.0,33.0,1.0,45.0,2.0,1.0,False,2702
209,209,59.0,1.0,21.0,1.0,810.0,33.0,1.0,40.0,2.0,1.0,True,6348
210,210,58.0,1.0,16.0,1.0,4760.0,36.0,1.0,32.0,2.0,1.0,False,1169
211,211,23.0,1.0,14.0,2.0,4500.0,33.0,16.0,40.0,1.0,1.0,False,384
212,212,42.0,1.0,16.0,2.0,7200.0,25.0,0.0,40.0,1.0,1.0,False,2875
213,213,34.0,7.0,21.0,1.0,2910.0,33.0,1.0,25.0,2.0,1.0,False,1498
214,214,42.0,4.0,23.0,2.0,10.0,18.0,0.0,50.0,2.0,1.0,True,7313
215,215,59.0,1.0,19.0,2.0,9130.0,33.0,13.0,60.0,1.0,1.0,False,7886
216,216,34.0,1.0,21.0,1.0,2640.0,33.0,0.0,45.0,1.0,1.0,True,930
217,217,19.0,8.0,19.0,2.0,3602.0,207.0,3.0,20.0,2.0,2.0,False,3778
218,218,41.0,1.0,20.0,1.0,8255.0,72.0,0.0,48.0,1.0,1.0,True,7736
219,219,70.0,1.0,21.0,1.0,4760.0,25.0,1.0,20.0,2.0,1.0,False,6410
220,220,21.0,1.0,16.0,2.0,630.0,33.0,2.0,20.0,2.0,1.0,False,5994
221,221,62.0,1.0,16.0,1.0,7750.0,110.0,1.0,37.0,2.0,1.0,False,4614
222,222,19.0,2.0,19.0,2.0,4622.0,36.0,17.0,56.0,2.0,1.0,False,289
223,223,39.0,2.0,19.0,1.0,3545.0,25.0,0.0,35.0,1.0,1.0,True,4148
224,224,33.0,3.0,21.0,1.0,5740.0,33.0,1.0,40.0,2.0,1.0,False,6015
225,225,20.0,1.0,18.0,2.0,9620.0,301.0,2.0,20.0,1.0,1.0,False,2957
226,226,57.0,3.0,22.0,1.0,2310.0,25.0,1.0,40.0,2.0,1.0,False,779
227,227,17.0,3.0,14.0,2.0,9350.0,33.0,2.0,25.0,1.0,1.0,False,5763
228,228,46.0,1.0,20.0,1.0,52.0,33.0,1.0,50.0,1.0,1.0,True,6060
229,229,68.0,1.0,20.0,1.0,530.0,25.0,1.0,40.0,1.0,1.0,True,437
230,230,58.0,1.0,20.0,2.0,3603.0,25.0,0.0,40.0,1.0,1.0,True,3970
231,231,58.0,1.0,18.0,1.0,2012.0,9.0,1.0,50.0,1.0,1.0,True,630
232,232,70.0,1.0,16.0,2.0,4760.0,36.0,0.0,20.0,2.0,1.0,False,5523
233,233,55.0,3.0,22.0,1.0,2310.0,6.0,1.0,50.0,1.0,1.0,True,7964
234,234,46.0,1.0,21.0,1.0,1021.0,33.0,0.0,55.0,1.0,1.0,True,7797
235,235,31.0,1.0,16.0,1.0,8000.0,42.0,0.0,40.0,1.0,1.0,False,5810
236,236,61.0,2.0,23.0,1.0,3090.0,36.0,0.0,48.0,1.0,1.0,True,3830
237,237,18.0,1.0,16.0,2.0,4030.0,25.0,17.0,35.0,1.0,1.0,False,39
238,238,22.0,1.0,19.0,2.0,4000.0,36.0,15.0,50.0,2.0,1.0,False,5077
239,239,27.0,1.0,21.0,2.0,4110.0,9.0,0.0,38.0,2.0,1.0,False,1584
240,240,40.0,1.0,16.0,2.0,8990.0,33.0,0.0,45.0,1.0,1.0,False,5818
241,241,59.0,1.0,24.0,1.0,350.0,33.0,1.0,32.0,2.0,1.0,True,4756
242,242,32.0,3.0,23.0,1.0,2100.0,25.0,1.0,40.0,1.0,1.0,True,5721
243,243,63.0,1.0,19.0,1.0,140.0,25.0,1.0,48.0,1.0,1.0,True,3526
244,244,55.0,2.0,23.0,1.0,2320.0,36.0,0.0,40.0,1.0,1.0,True,4403
245,245,49.0,1.0,16.0,2.0,9130.0,25.0,0.0,52.0,1.0,1.0,True,653
246,246,32.0,3.0,20.0,1.0,2545.0,33.0,0.0,35.0,2.0,1.0,False,7453
247,247,18.0,1.0,16.0,2.0,3603.0,25.0,17.0,25.0,2.0,1.0,False,361
248,248,57.0,1.0,20.0,2.0,7150.0,33.0,13.0,40.0,1.0,1.0,True,7183
249,249,62.0,1.0,16.0,1.0,6305.0,33.0,1.0,50.0,1.0,1.0,False,6878
250,250,39.0,1.0,16.0,1.0,4760.0,33.0,0.0,15.0,2.0,1.0,False,7152
251,251,37.0,1.0,17.0,2.0,4710.0,33.0,0.0,60.0,1.0,1.0,True,5901
252,252,33.0,1.0,21.0,2.0,20.0,9.0,13.0,50.0,1.0,1.0,True,2492
253,253,70.0,1.0,16.0,1.0,2545.0,33.0,1.0,35.0,2.0,1.0,False,2812
254,254,34.0,6.0,13.0,1.0,4230.0,33.0,1.0,6.0,2.0,1.0,False,6903
255,255,19.0,2.0,19.0,2.0,2722.0,301.0,17.0,13.0,2.0,1.0,False,91
256,256,35.0,1.0,21.0,1.0,1021.0,210.0,1.0,40.0,2.0,2.0,True,2398
257,257,37.0,1.0,21.0,2.0,4760.0,23.0,0.0,32.0,2.0,1.0,True,3984
258,258,32.0,1.0,21.0,2.0,4760.0,33.0,0.0,40.0,2.0,1.0,False,4679
259,259,18.0,1.0,16.0,2.0,4030.0,25.0,17.0,35.0,1.0,1.0,False,130
260,260,19.0,1.0,19.0,2.0,8990.0,33.0,2.0,25.0,1.0,1.0,False,7088
261,261,50.0,1.0,16.0,1.0,1105.0,33.0,0.0,42.0,2.0,1.0,False,3238
262,262,53.0,1.0,21.0,1.0,1021.0,51.0,0.0,45.0,1.0,1.0,True,3378
263,263,73.0,6.0,17.0,1.0,9620.0,36.0,1.0,20.0,1.0,1.0,True,7019
264,264,50.0,3.0,21.0,1.0,3870.0,36.0,1.0,40.0,1.0,1.0,True,589
265,265,42.0,1.0,16.0,1.0,4920.0,25.0,0.0,45.0,1.0,1.0,False,6725
266,266,27.0,2.0,21.0,2.0,120.0,25.0,2.0,40.0,2.0,1.0,True,6057
267,267,49.0,1.0,20.0,1.0,8140.0,50.0,0.0,46.0,1.0,1.0,True,7367
268,268,58.0,1.0,16.0,1.0,7750.0,25.0,1.0,45.0,2.0,1.0,True,4587
269,269,49.0,1.0,16.0,2.0,8255.0,9.0,2.0,40.0,1.0,1.0,True,3867
270,270,62.0,2.0,17.0,2.0,3515.0,25.0,0.0,40.0,2.0,1.0,False,4786
271,271,57.0,1.0,18.0,1.0,530.0,33.0,1.0,45.0,1.0,1.0,True,5287
272,272,22.0,1.0,16.0,2.0,8030.0,25.0,0.0,25.0,1.0,1.0,False,3330
273,273,33.0,1.0,12.0,2.0,4140.0,33.0,2.0,36.0,1.0,1.0,False,2273
274,274,30.0,1.0,22.0,1.0,9645.0,229.0,15.0,40.0,1.0,2.0,False,2094
275,275,21.0,1.0,17.0,2.0,4760.0,33.0,2.0,30.0,1.0,1.0,False,1039
276,276,21.0,2.0,19.0,2.0,4760.0,33.0,2.0,20.0,2.0,1.0,False,1222
277,277,54.0,1.0,22.0,2.0,4710.0,34.0,0.0,45.0,1.0,1.0,True,4604
278,278,51.0,1.0,16.0,1.0,4720.0,25.0,0.0,40.0,2.0,1.0,False,2471
279,279,35.0,1.0,18.0,2.0,9620.0,33.0,16.0,40.0,1.0,1.0,False,178
280,280,57.0,1.0,20.0,1.0,120.0,36.0,0.0,55.0,2.0,1.0,True,4203
281,281,21.0,1.0,16.0,2.0,4055.0,33.0,10.0,35.0,1.0,1.0,False,4247
282,282,61.0,1.0,21.0,2.0,1050.0,25.0,0.0,55.0,1.0,1.0,False,5191
283,283,28.0,1.0,19.0,2.0,4110.0,23.0,12.0,38.0,1.0,1.0,False,2542
284,284,47.0,6.0,21.0,1.0,9142.0,33.0,1.0,36.0,1.0,1.0,False,6710
285,285,20.0,1.0,14.0,2.0,2014.0,4.0,2.0,60.0,2.0,1.0,False,6236
286,286,47.0,3.0,20.0,1.0,2545.0,33.0,0.0,30.0,1.0,1.0,False,6411
287,287,43.0,1.0,21.0,1.0,3645.0,25.0,1.0,40.0,2.0,1.0,False,3836
288,288,43.0,2.0,19.0,2.0,5740.0,25.0,15.0,40.0,2.0,1.0,True,3471
289,289,34.0,1.0,16.0,2.0,7120.0,23.0,0.0,50.0,1.0,1.0,True,5579
290,290,29.0,4.0,21.0,1.0,5310.0,42.0,0.0,40.0,2.0,1.0,False,5666
291,291,21.0,1.0,20.0,2.0,1005.0,33.0,2.0,38.0,1.0,1.0,False,3060
292,292,70.0,6.0,22.0,1.0,2840.0,34.0,0.0,20.0,1.0,1.0,True,4238
293,293,46.0,1.0,21.0,2.0,5940.0,23.0,0.0,45.0,2.0,1.0,True,6771
294,294,61.0,1.0,18.0,1.0,5240.0,36.0,1.0,40.0,2.0,2.0,False,3495
295,295,32.0,1.0,15.0,2.0,9620.0,25.0,2.0,40.0,1.0,1.0,False,2853
296,296,64.0,1.0,19.0,1.0,9030.0,33.0,0.0,25.0,1.0,1.0,True,3810
297,297,46.0,3.0,22.0,2.0,2320.0,33.0,0.0,50.0,2.0,1.0,True,6212
298,298,25.0,1.0,20.0,2.0,4840.0,6.0,4.0,40.0,2.0,1.0,False,5547
299,299,60.0,1.0,21.0,2.0,3603.0,33.0,10.0,35.0,2.0,1.0,False,1984
300,300,43.0,1.0,21.0,1.0,4850.0,33.0,1.0,40.0,1.0,1.0,True,2253
301,301,34.0,1.0,19.0,2.0,6355.0,33.0,12.0,40.0,1.0,1.0,False,4803
302,302,32.0,1.0,21.0,1.0,960.0,33.0,1.0,32.0,2.0,1.0,True,1598
303,303,61.0,2.0,24.0,2.0,3160.0,34.0,0.0,35.0,2.0,1.0,True,2639
304,304,52.0,2.0,17.0,1.0,4700.0,50.0,0.0,45.0,2.0,1.0,False,3301
305,305,58.0,3.0,21.0,1.0,2310.0,34.0,0.0,40.0,2.0,1.0,True,2758
306,306,56.0,7.0,21.0,2.0,4840.0,33.0,0.0,50.0,1.0,1.0,True,7842
307,307,46.0,1.0,15.0,2.0,9365.0,33.0,13.0,30.0,2.0,1.0,False,7589
308,308,78.0,8.0,16.0,1.0,9130.0,50.0,1.0,20.0,1.0,1.0,False,6169
309,309,33.0,4.0,21.0,1.0,2320.0,33.0,1.0,40.0,1.0,1.0,False,2987
310,310,58.0,7.0,18.0,1.0,710.0,33.0,0.0,25.0,1.0,1.0,True,6752
311,311,40.0,1.0,19.0,1.0,4252.0,24.0,0.0,35.0,1.0,1.0,False,714
312,312,42.0,5.0,23.0,1.0,5250.0,25.0,0.0,40.0,1.0,1.0,False,1773
313,313,64.0,1.0,21.0,2.0,4010.0,42.0,0.0,39.0,1.0,1.0,False,4244
314,314,18.0,1.0,18.0,2.0,4900.0,36.0,17.0,30.0,1.0,2.0,False,143
315,315,32.0,1.0,22.0,1.0,710.0,12.0,0.0,40.0,2.0,1.0,False,1330
316,316,22.0,1.0,21.0,2.0,4350.0,6.0,2.0,40.0,2.0,1.0,False,2483
317,317,37.0,1.0,22.0,1.0,4850.0,25.0,1.0,50.0,2.0,1.0,True,3880
318,318,21.0,1.0,19.0,2.0,3421.0,33.0,2.0,35.0,2.0,2.0,False,6937
319,319,43.0,1.0,21.0,1.0,2310.0,33.0,0.0,50.0,2.0,1.0,True,4223
320,320,24.0,3.0,21.0,2.0,3740.0,33.0,2.0,48.0,1.0,1.0,True,7202
321,321,37.0,1.0,17.0,2.0,6515.0,33.0,0.0,70.0,1.0,1.0,False,893
322,322,64.0,5.0,19.0,2.0,1021.0,12.0,0.0,67.0,1.0,1.0,True,5240
323,323,36.0,5.0,19.0,1.0,7560.0,6.0,1.0,45.0,1.0,1.0,True,1803
324,324,22.0,1.0,18.0,2.0,710.0,33.0,2.0,40.0,1.0,1.0,False,6945
325,325,27.0,3.0,22.0,2.0,2320.0,35.0,0.0,40.0,2.0,1.0,False,6919
326,326,26.0,1.0,16.0,2.0,4020.0,33.0,13.0,30.0,2.0,1.0,False,7749
327,327,64.0,6.0,21.0,2.0,3630.0,33.0,0.0,40.0,2.0,1.0,False,1694
328,328,29.0,1.0,15.0,2.0,4140.0,72.0,5.0,35.0,1.0,1.0,False,1287
329,329,47.0,1.0,22.0,1.0,565.0,25.0,0.0,47.0,1.0,1.0,True,4004
330,330,49.0,1.0,19.0,1.0,520.0,33.0,1.0,40.0,1.0,1.0,True,5790
331,331,63.0,1.0,16.0,2.0,705.0,25.0,0.0,40.0,2.0,1.0,True,6349
332,332,54.0,1.0,16.0,1.0,5240.0,33.0,0.0,40.0,2.0,1.0,False,3630
333,333,32.0,1.0,20.0,2.0,3255.0,25.0,2.0,18.0,2.0,1.0,False,3310
334,334,28.0,1.0,21.0,2.0,630.0,33.0,0.0,45.0,2.0,1.0,True,5832
335,335,26.0,1.0,19.0,1.0,3640.0,25.0,0.0,35.0,2.0,2.0,False,4865
336,336,62.0,2.0,20.0,1.0,6200.0,42.0,1.0,25.0,1.0,1.0,False,662
337,337,69.0,2.0,21.0,1.0,2310.0,27.0,0.0,6.0,1.0,1.0,False,1842
338,338,58.0,1.0,21.0,2.0,5600.0,301.0,13.0,60.0,1.0,1.0,True,6497
339,339,29.0,1.0,22.0,1.0,705.0,117.0,1.0,30.0,2.0,1.0,False,5490
340,340,37.0,2.0,22.0,1.0,350.0,25.0,0.0,42.0,2.0,1.0,True,2825
341,341,71.0,1.0,16.0,1.0,5610.0,50.0,1.0,15.0,2.0,1.0,False,1672
342,342,23.0,1.0,15.0,2.0,4110.0,33.0,15.0,40.0,2.0,1.0,False,7787
343,343,34.0,2.0,22.0,2.0,230.0,4.0,0.0,60.0,1.0,2.0,True,2410
344,344,34.0,6.0,16.0,2.0,6410.0,33.0,0.0,40.0,2.0,1.0,False,7531
345,345,19.0,1.0,18.0,2.0,6442.0,25.0,17.0,40.0,1.0,1.0,False,337
346,346,44.0,7.0,21.0,1.0,440.0,6.0,0.0,60.0,1.0,1.0,True,4908
347,347,38.0,6.0,16.0,1.0,220.0,33.0,1.0,40.0,1.0,1.0,False,3872
348,348,42.0,2.0,23.0,1.0,3090.0,333.0,1.0,20.0,2.0,2.0,True,1626
349,349,29.0,1.0,21.0,2.0,3424.0,34.0,2.0,32.0,2.0,1.0,False,7636
350,350,50.0,1.0,22.0,1.0,350.0,36.0,0.0,30.0,2.0,1.0,True,6304
351,351,66.0,1.0,16.0,2.0,7000.0,33.0,0.0,3.0,1.0,1.0,False,2255
352,352,40.0,1.0,18.0,1.0,5240.0,42.0,0.0,40.0,1.0,1.0,False,4000
353,353,56.0,1.0,18.0,1.0,5400.0,23.0,1.0,32.0,2.0,1.0,False,3164
354,354,41.0,1.0,18.0,1.0,3640.0,25.0,0.0,38.0,2.0,1.0,False,7416
355,355,60.0,1.0,20.0,2.0,4000.0,25.0,0.0,40.0,1.0,1.0,False,6500
356,356,35.0,1.0,22.0,1.0,2310.0,36.0,1.0,35.0,2.0,1.0,True,4684
357,357,31.0,1.0,16.0,1.0,9130.0,25.0,1.0,55.0,1.0,1.0,False,1034
358,358,59.0,5.0,21.0,2.0,102.0,25.0,0.0,50.0,1.0,1.0,True,540
359,359,60.0,1.0,22.0,1.0,4810.0,33.0,1.0,50.0,1.0,1.0,True,4278
360,360,20.0,1.0,19.0,2.0,4130.0,25.0,2.0,16.0,1.0,1.0,False,6768
361,361,60.0,1.0,23.0,1.0,3255.0,25.0,1.0,20.0,2.0,1.0,False,3801
362,362,48.0,3.0,21.0,1.0,2310.0,25.0,0.0,45.0,2.0,1.0,False,2348
363,363,48.0,1.0,21.0,1.0,1050.0,25.0,0.0,33.0,2.0,1.0,True,7358
364,364,25.0,1.0,16.0,2.0,4110.0,25.0,13.0,20.0,1.0,1.0,False,6068
365,365,35.0,1.0,20.0,2.0,5420.0,33.0,2.0,50.0,2.0,1.0,False,2433
366,366,54.0,1.0,16.0,2.0,7750.0,33.0,13.0,40.0,2.0,1.0,False,2392
367,367,50.0,1.0,21.0,1.0,1410.0,9.0,0.0,45.0,1.0,1.0,True,3889
368,368,42.0,1.0,21.0,1.0,4010.0,33.0,0.0,40.0,1.0,1.0,True,564
369,369,35.0,1.0,3.0,1.0,8225.0,33.0,12.0,80.0,1.0,1.0,True,2678
370,370,38.0,1.0,21.0,1.0,440.0,33.0,0.0,55.0,1.0,1.0,True,735
371,371,74.0,1.0,21.0,1.0,4850.0,36.0,0.0,32.0,1.0,1.0,True,5870
372,372,25.0,7.0,19.0,2.0,9142.0,362.0,2.0,30.0,1.0,1.0,False,4668
373,373,17.0,1.0,16.0,2.0,4720.0,33.0,2.0,10.0,1.0,1.0,False,4603
374,374,21.0,1.0,19.0,2.0,5860.0,25.0,17.0,30.0,2.0,1.0,False,285
375,375,48.0,2.0,23.0,1.0,3090.0,25.0,0.0,40.0,1.0,2.0,False,6995
376,376,47.0,1.0,17.0,1.0,6442.0,25.0,0.0,48.0,1.0,1.0,True,7339
377,377,72.0,1.0,19.0,1.0,4700.0,72.0,0.0,40.0,2.0,1.0,False,1216
378,378,53.0,1.0,16.0,1.0,6515.0,25.0,1.0,40.0,1.0,1.0,True,5727
379,379,27.0,2.0,21.0,2.0,420.0,23.0,0.0,47.0,1.0,1.0,False,7586
380,380,28.0,1.0,17.0,2.0,7700.0,33.0,2.0,40.0,1.0,1.0,False,4965
381,381,60.0,7.0,19.0,1.0,4710.0,25.0,1.0,45.0,2.0,1.0,True,6978
382,382,44.0,1.0,20.0,2.0,3603.0,25.0,2.0,32.0,2.0,1.0,False,2892
383,383,37.0,1.0,17.0,1.0,4230.0,25.0,0.0,20.0,2.0,1.0,False,2856
384,384,56.0,1.0,21.0,1.0,7700.0,23.0,0.0,40.0,1.0,1.0,True,1426
385,385,62.0,3.0,21.0,1.0,5320.0,23.0,1.0,29.0,2.0,1.0,False,7618
386,386,55.0,6.0,19.0,1.0,6410.0,33.0,1.0,30.0,1.0,1.0,False,6941
387,387,43.0,1.0,19.0,1.0,1021.0,33.0,0.0,40.0,1.0,1.0,True,7703
388,388,32.0,1.0,16.0,1.0,4210.0,25.0,0.0,45.0,1.0,1.0,True,5822
389,389,27.0,1.0,21.0,1.0,7340.0,25.0,1.0,50.0,1.0,1.0,True,4789
390,390,55.0,6.0,18.0,1.0,4920.0,33.0,1.0,40.0,1.0,1.0,False,1180
391,391,42.0,2.0,19.0,1.0,4030.0,33.0,1.0,25.0,2.0,1.0,False,5112
392,392,63.0,1.0,16.0,2.0,5240.0,17.0,0.0,45.0,2.0,1.0,False,4681
393,393,39.0,1.0,21.0,1.0,735.0,33.0,1.0,40.0,1.0,1.0,True,6887
394,394,61.0,1.0,16.0,2.0,8740.0,33.0,0.0,40.0,2.0,1.0,False,6881
395,395,29.0,1.0,20.0,1.0,4830.0,215.0,0.0,40.0,1.0,1.0,False,5427
396,396,33.0,1.0,21.0,1.0,10.0,370.0,0.0,70.0,1.0,2.0,False,3935
397,397,37.0,1.0,16.0,1.0,1980.0,23.0,0.0,55.0,1.0,1.0,True,2793
398,398,71.0,7.0,1.0,2.0,6200.0,33.0,0.0,20.0,1.0,1.0,False,4118
399,399,20.0,1.0,19.0,2.0,4760.0,33.0,2.0,35.0,2.0,1.0,False,5309
400,400,61.0,1.0,21.0,2.0,4850.0,21.0,0.0,45.0,2.0,1.0,True,3374
401,401,47.0,1.0,19.0,2.0,7220.0,25.0,0.0,40.0,1.0,1.0,True,428
402,402,50.0,2.0,22.0,1.0,850.0,9.0,0.0,40.0,1.0,1.0,False,3641
403,403,66.0,1.0,22.0,1.0,1360.0,414.0,1.0,48.0,1.0,1.0,True,2421
404,404,54.0,2.0,16.0,2.0,5940.0,25.0,13.0,40.0,2.0,1.0,False,1674
405,405,54.0,1.0,19.0,1.0,440.0,34.0,1.0,40.0,1.0,1.0,False,4338
406,406,34.0,1.0,20.0,2.0,3255.0,33.0,0.0,40.0,2.0,1.0,True,3937
407,407,51.0,3.0,22.0,1.0,2310.0,36.0,1.0,35.0,2.0,1.0,False,1512
408,408,49.0,1.0,21.0,1.0,4710.0,25.0,0.0,50.0,2.0,1.0,True,3324
409,409,49.0,1.0,21.0,1.0,4840.0,240.0,0.0,40.0,1.0,1.0,True,1560
410,410,62.0,3.0,21.0,1.0,2310.0,25.0,1.0,40.0,1.0,1.0,True,6653
411,411,60.0,3.0,19.0,2.0,2545.0,33.0,0.0,60.0,2.0,1.0,False,4907
412,412,37.0,1.0,21.0,2.0,3930.0,25.0,0.0,48.0,1.0,1.0,True,3869
413,413,57.0,1.0,21.0,1.0,3602.0,229.0,1.0,60.0,2.0,2.0,False,1751
414,414,22.0,4.0,19.0,2.0,5860.0,25.0,17.0,7.0,2.0,1.0,False,411
415,415,46.0,1.0,20.0,2.0,7950.0,44.0,0.0,40.0,1.0,1.0,True,7588
416,416,18.0,3.0,18.0,2.0,3960.0,36.0,17.0,50.0,1.0,1.0,False,135
417,417,60.0,1.0,21.0,1.0,10.0,33.0,0.0,50.0,1.0,1.0,True,936
418,418,59.0,1.0,19.0,2.0,3255.0,25.0,0.0,36.0,2.0,1.0,True,7434
419,419,32.0,1.0,9.0,2.0,8990.0,25.0,12.0,40.0,1.0,1.0,False,4690
420,420,44.0,1.0,22.0,1.0,2100.0,26.0,1.0,60.0,2.0,1.0,True,6698
421,421,60.0,1.0,16.0,2.0,4030.0,33.0,5.0,40.0,2.0,1.0,False,7255
422,422,63.0,1.0,21.0,1.0,7340.0,110.0,0.0,50.0,1.0,1.0,True,4666
423,423,53.0,5.0,16.0,1.0,440.0,25.0,0.0,40.0,1.0,1.0,True,524
424,424,62.0,3.0,21.0,2.0,2310.0,210.0,0.0,60.0,2.0,1.0,False,6870
425,425,18.0,1.0,16.0,2.0,4720.0,34.0,17.0,15.0,2.0,1.0,False,57
426,426,54.0,6.0,19.0,1.0,6355.0,25.0,1.0,40.0,1.0,1.0,False,3659
427,427,52.0,3.0,21.0,1.0,2310.0,50.0,1.0,40.0,2.0,1.0,True,2100
428,428,44.0,1.0,21.0,1.0,20.0,23.0,0.0,84.0,1.0,1.0,True,2199
429,429,62.0,1.0,20.0,1.0,5840.0,27.0,1.0,40.0,2.0,1.0,False,5737
430,430,68.0,1.0,16.0,2.0,9645.0,301.0,0.0,35.0,2.0,1.0,False,5417
431,431,31.0,1.0,16.0,2.0,7800.0,25.0,13.0,28.0,2.0,1.0,False,5662
432,432,36.0,2.0,19.0,1.0,440.0,33.0,1.0,30.0,2.0,1.0,False,1130
433,433,65.0,6.0,19.0,1.0,8140.0,33.0,0.0,35.0,1.0,1.0,True,7067
434,434,50.0,3.0,16.0,1.0,2545.0,33.0,1.0,30.0,2.0,1.0,False,2336
435,435,33.0,1.0,16.0,1.0,5120.0,25.0,1.0,40.0,2.0,1.0,False,7856
436,436,24.0,1.0,21.0,2.0,800.0,25.0,2.0,40.0,2.0,1.0,True,6000
437,437,34.0,1.0,21.0,2.0,9130.0,33.0,4.0,40.0,1.0,1.0,False,5330
438,438,56.0,3.0,20.0,2.0,230.0,33.0,0.0,40.0,1.0,1.0,False,2445
439,439,23.0,1.0,21.0,2.0,3960.0,34.0,17.0,40.0,2.0,2.0,False,90
440,440,52.0,2.0,21.0,1.0,2040.0,243.0,1.0,20.0,2.0,1.0,False,1373
441,441,21.0,2.0,19.0,2.0,5740.0,33.0,17.0,10.0,2.0,1.0,False,96
442,442,35.0,1.0,22.0,1.0,800.0,210.0,0.0,40.0,1.0,2.0,True,3570
443,443,63.0,1.0,22.0,1.0,565.0,19.0,0.0,45.0,1.0,1.0,True,2822
444,444,33.0,1.0,22.0,1.0,52.0,33.0,1.0,50.0,2.0,1.0,True,831
445,445,50.0,2.0,20.0,2.0,4655.0,33.0,13.0,26.0,2.0,1.0,False,7077
446,446,19.0,1.0,15.0,2.0,4220.0,33.0,2.0,17.0,1.0,1.0,False,6298
447,447,58.0,1.0,16.0,1.0,6410.0,25.0,1.0,32.0,1.0,1.0,False,1851
448,448,49.0,1.0,18.0,1.0,160.0,25.0,0.0,40.0,2.0,1.0,False,6536
449,449,53.0,3.0,22.0,2.0,710.0,9.0,0.0,37.0,2.0,1.0,True,3505
450,450,46.0,1.0,16.0,2.0,5000.0,33.0,0.0,40.0,1.0,1.0,False,7000
451,451,49.0,1.0,16.0,1.0,4720.0,33.0,1.0,38.0,2.0,1.0,False,2145
452,452,57.0,6.0,17.0,1.0,4760.0,25.0,1.0,20.0,2.0,1.0,False,7302
453,453,25.0,1.0,21.0,2.0,2850.0,25.0,2.0,40.0,2.0,1.0,True,6058
454,454,60.0,1.0,22.0,1.0,440.0,27.0,0.0,60.0,1.0,1.0,True,6040
455,455,74.0,1.0,16.0,2.0,9130.0,25.0,0.0,40.0,1.0,1.0,True,643
456,456,68.0,4.0,16.0,1.0,4435.0,33.0,1.0,32.0,1.0,1.0,False,1469
457,457,29.0,1.0,16.0,2.0,9645.0,33.0,2.0,40.0,1.0,1.0,False,1199
458,458,24.0,1.0,16.0,2.0,5740.0,33.0,0.0,20.0,2.0,1.0,False,1881
459,459,20.0,1.0,19.0,2.0,4110.0,36.0,17.0,24.0,1.0,1.0,False,233
460,460,52.0,1.0,24.0,1.0,7700.0,42.0,0.0,60.0,1.0,1.0,True,3334
461,461,55.0,1.0,16.0,2.0,3603.0,50.0,0.0,55.0,2.0,1.0,False,6336
462,462,20.0,1.0,16.0,2.0,4720.0,33.0,2.0,35.0,1.0,1.0,False,3336
463,463,32.0,1.0,20.0,2.0,1006.0,33.0,2.0,40.0,1.0,1.0,True,6742
464,464,44.0,1.0,21.0,1.0,710.0,33.0,2.0,40.0,1.0,1.0,True,866
465,465,19.0,1.0,13.0,2.0,6230.0,25.0,15.0,40.0,1.0,1.0,False,3371
466,466,23.0,1.0,19.0,2.0,9620.0,25.0,2.0,20.0,1.0,1.0,False,4916
467,467,60.0,5.0,18.0,2.0,5550.0,44.0,0.0,40.0,1.0,1.0,True,6998
468,468,33.0,1.0,21.0,1.0,5140.0,39.0,0.0,40.0,2.0,2.0,False,7944
469,469,21.0,1.0,16.0,2.0,4760.0,33.0,2.0,40.0,1.0,1.0,False,592
470,470,44.0,1.0,19.0,2.0,5120.0,26.0,0.0,42.0,2.0,1.0,False,5493
471,471,63.0,1.0,20.0,2.0,5860.0,25.0,0.0,40.0,2.0,1.0,True,6028
472,472,61.0,1.0,22.0,1.0,1410.0,42.0,0.0,40.0,1.0,1.0,True,7031
473,473,84.0,1.0,16.0,1.0,8990.0,33.0,1.0,15.0,2.0,1.0,False,6070
474,474,57.0,7.0,24.0,2.0,3090.0,25.0,0.0,60.0,1.0,1.0,True,4655
475,475,19.0,3.0,19.0,2.0,4600.0,33.0,2.0,20.0,1.0,1.0,False,6489
476,476,40.0,7.0,19.0,1.0,3630.0,33.0,1.0,50.0,2.0,1.0,False,4438
477,477,57.0,1.0,16.0,1.0,5510.0,25.0,0.0,6.0,1.0,1.0,False,2172
478,478,35.0,1.0,22.0,1.0,5400.0,128.0,0.0,30.0,2.0,1.0,False,1247
479,479,52.0,7.0,21.0,1.0,4710.0,33.0,1.0,50.0,1.0,1.0,True,2544
480,480,62.0,6.0,14.0,1.0,410.0,9.0,1.0,20.0,1.0,1.0,False,799
481,481,56.0,4.0,16.0,1.0,800.0,33.0,1.0,45.0,2.0,1.0,False,6646
482,482,30.0,1.0,21.0,1.0,7340.0,6.0,1.0,50.0,1.0,1.0,True,7791
483,483,20.0,2.0,20.0,2.0,4720.0,440.0,17.0,8.0,1.0,2.0,False,276
484,484,35.0,1.0,16.0,1.0,340.0,33.0,0.0,40.0,2.0,1.0,False,3692
485,485,61.0,1.0,16.0,1.0,4760.0,33.0,1.0,40.0,1.0,1.0,True,2494
486,486,64.0,1.0,11.0,1.0,7700.0,110.0,1.0,60.0,2.0,1.0,False,7745
487,487,56.0,6.0,16.0,2.0,6130.0,33.0,0.0,40.0,1.0,1.0,False,1736
488,488,19.0,1.0,19.0,2.0,4720.0,25.0,15.0,25.0,2.0,1.0,False,3287
489,489,81.0,1.0,16.0,2.0,3602.0,25.0,6.0,40.0,2.0,1.0,False,1295
490,490,31.0,1.0,19.0,2.0,3930.0,25.0,17.0,40.0,2.0,2.0,False,32
491,491,46.0,2.0,21.0,2.0,2545.0,33.0,0.0,48.0,2.0,1.0,False,1920
492,492,60.0,1.0,24.0,1.0,9030.0,36.0,0.0,80.0,1.0,1.0,True,5611
493,493,34.0,6.0,22.0,2.0,710.0,25.0,0.0,40.0,2.0,1.0,True,3128
494,494,25.0,1.0,21.0,2.0,6442.0,33.0,2.0,50.0,1.0,1.0,False,5830
495,495,68.0,1.0,16.0,2.0,9130.0,33.0,13.0,40.0,1.0,1.0,False,7402
496,496,56.0,1.0,20.0,1.0,9620.0,25.0,0.0,40.0,1.0,1.0,True,6660
497,497,58.0,4.0,22.0,1.0,2205.0,25.0,1.0,50.0,2.0,1.0,True,1524
498,498,22.0,1.0,16.0,2.0,4600.0,33.0,15.0,40.0,2.0,2.0,False,7650
499,499,60.0,3.0,22.0,1.0,3230.0,33.0,0.0,35.0,2.0,1.0,True,2525
500,500,62.0,1.0,16.0,1.0,5820.0,33.0,1.0,30.0,2.0,1.0,False,6692
501,501,18.0,1.0,19.0,2.0,2360.0,9.0,17.0,40.0,1.0,1.0,False,406
502,502,46.0,1.0,16.0,1.0,4760.0,25.0,0.0,45.0,2.0,1.0,False,4013
503,503,19.0,1.0,19.0,2.0,9645.0,9.0,17.0,30.0,1.0,1.0,False,354
504,504,64.0,4.0,18.0,2.0,5860.0,33.0,0.0,14.0,1.0,1.0,False,4778
505,505,57.0,3.0,18.0,1.0,2320.0,25.0,0.0,45.0,1.0,1.0,True,1993
506,506,59.0,1.0,16.0,2.0,9645.0,25.0,15.0,40.0,1.0,1.0,False,6079
507,507,37.0,1.0,19.0,2.0,7315.0,12.0,16.0,50.0,1.0,1.0,False,223
508,508,83.0,1.0,10.0,2.0,5300.0,33.0,6.0,24.0,2.0,1.0,False,2982
509,509,31.0,2.0,16.0,1.0,3602.0,23.0,1.0,34.0,2.0,1.0,False,5460
510,510,51.0,6.0,19.0,2.0,1021.0,29.0,0.0,45.0,1.0,1.0,False,1405
511,511,18.0,1.0,16.0,2.0,6260.0,25.0,17.0,40.0,1.0,1.0,False,150
512,512,36.0,1.0,19.0,1.0,1108.0,33.0,0.0,40.0,1.0,1.0,False,1129
513,513,40.0,1.0,22.0,1.0,3258.0,48.0,0.0,28.0,2.0,1.0,False,2801
514,514,42.0,1.0,19.0,1.0,6230.0,50.0,11.0,50.0,1.0,1.0,False,6455
515,515,75.0,6.0,19.0,1.0,6230.0,33.0,1.0,50.0,1.0,1.0,True,2281
516,516,28.0,1.0,21.0,2.0,410.0,25.0,2.0,38.0,1.0,1.0,True,6072
517,517,36.0,2.0,19.0,1.0,3545.0,25.0,0.0,35.0,1.0,1.0,True,4675
518,518,35.0,1.0,21.0,1.0,300.0,50.0,0.0,40.0,1.0,1.0,True,3115
519,519,57.0,1.0,20.0,1.0,1555.0,42.0,1.0,40.0,1.0,2.0,False,795
520,520,18.0,3.0,16.0,2.0,1530.0,23.0,12.0,25.0,2.0,1.0,False,6682
521,521,58.0,1.0,17.0,1.0,140.0,33.0,0.0,50.0,1.0,1.0,True,5781
522,522,55.0,1.0,20.0,2.0,3630.0,33.0,0.0,34.0,2.0,1.0,False,1278
523,523,71.0,5.0,22.0,1.0,440.0,25.0,0.0,40.0,1.0,1.0,True,670
524,524,55.0,1.0,21.0,1.0,1010.0,9.0,0.0,40.0,1.0,1.0,True,6016
525,525,24.0,1.0,13.0,2.0,5860.0,25.0,2.0,40.0,2.0,1.0,False,822
526,526,36.0,1.0,21.0,1.0,1021.0,10.0,0.0,45.0,1.0,1.0,True,3295
527,527,58.0,1.0,19.0,1.0,4840.0,25.0,1.0,45.0,1.0,1.0,False,4939
528,528,49.0,1.0,21.0,1.0,2360.0,34.0,0.0,40.0,1.0,1.0,True,6425
529,529,47.0,1.0,21.0,1.0,4230.0,25.0,0.0,12.0,2.0,1.0,False,809
530,530,28.0,1.0,16.0,2.0,6230.0,25.0,15.0,40.0,1.0,1.0,False,6044
531,531,53.0,1.0,10.0,2.0,4150.0,6.0,13.0,13.0,1.0,1.0,False,6501
532,532,37.0,1.0,16.0,1.0,5110.0,33.0,1.0,40.0,1.0,1.0,True,6688
533,533,52.0,4.0,21.0,1.0,2330.0,9.0,1.0,38.0,2.0,1.0,False,776
534,534,54.0,1.0,20.0,1.0,8610.0,25.0,1.0,40.0,1.0,1.0,True,7767
535,535,59.0,1.0,20.0,1.0,710.0,215.0,1.0,40.0,2.0,1.0,False,6075
536,536,40.0,7.0,22.0,1.0,2004.0,25.0,0.0,25.0,2.0,1.0,False,7905
537,537,58.0,1.0,20.0,2.0,7840.0,25.0,8.0,27.0,2.0,1.0,True,5104
538,538,67.0,6.0,16.0,1.0,4600.0,33.0,1.0,55.0,2.0,1.0,False,6473
539,539,24.0,2.0,21.0,2.0,2300.0,33.0,2.0,25.0,2.0,1.0,False,7776
540,540,50.0,3.0,21.0,1.0,3255.0,33.0,0.0,37.0,2.0,1.0,False,884
541,541,33.0,1.0,16.0,2.0,4020.0,25.0,13.0,38.0,2.0,1.0,False,3920
542,542,48.0,6.0,22.0,1.0,2003.0,301.0,1.0,50.0,1.0,1.0,True,5513
543,543,42.0,1.0,21.0,1.0,1021.0,24.0,1.0,45.0,1.0,1.0,True,6622
544,544,46.0,1.0,21.0,1.0,1108.0,207.0,0.0,40.0,1.0,2.0,True,5220
545,545,64.0,3.0,21.0,1.0,2310.0,36.0,1.0,36.0,1.0,1.0,True,4446
546,546,34.0,6.0,24.0,1.0,3000.0,33.0,1.0,40.0,2.0,1.0,False,5510
547,547,24.0,5.0,21.0,2.0,1720.0,33.0,0.0,40.0,2.0,1.0,True,7765
548,548,45.0,1.0,21.0,1.0,1530.0,33.0,0.0,40.0,1.0,1.0,True,4899
549,549,27.0,1.0,20.0,1.0,3255.0,33.0,0.0,36.0,2.0,1.0,True,1321
550,550,52.0,1.0,22.0,2.0,4251.0,23.0,12.0,35.0,1.0,1.0,False,923
551,551,39.0,1.0,21.0,1.0,20.0,25.0,1.0,37.0,1.0,1.0,True,1686
552,552,35.0,1.0,19.0,1.0,6260.0,33.0,1.0,40.0,1.0,1.0,True,908
553,553,49.0,1.0,17.0,2.0,9620.0,33.0,0.0,32.0,1.0,1.0,False,7808
554,554,36.0,1.0,21.0,1.0,4040.0,6.0,0.0,18.0,2.0,1.0,False,6448
555,555,60.0,1.0,21.0,1.0,1006.0,36.0,0.0,40.0,2.0,1.0,True,1848
556,556,60.0,1.0,13.0,2.0,8225.0,44.0,0.0,48.0,1.0,1.0,False,490
557,557,68.0,6.0,17.0,1.0,6260.0,33.0,1.0,50.0,1.0,1.0,False,7771
558,558,57.0,1.0,15.0,1.0,6260.0,9.0,0.0,40.0,2.0,1.0,False,1443
559,559,50.0,4.0,24.0,2.0,2205.0,39.0,13.0,50.0,1.0,1.0,True,5127
560,560,66.0,1.0,19.0,1.0,5510.0,33.0,1.0,40.0,1.0,1.0,False,7920
561,561,21.0,1.0,16.0,2.0,4220.0,33.0,2.0,36.0,2.0,1.0,False,6276
562,562,60.0,2.0,21.0,2.0,2012.0,13.0,0.0,35.0,2.0,1.0,False,2737
563,563,60.0,4.0,20.0,1.0,2011.0,42.0,0.0,29.0,1.0,1.0,False,5281
564,564,36.0,2.0,22.0,1.0,2014.0,33.0,0.0,30.0,2.0,1.0,False,4928
565,565,48.0,1.0,21.0,1.0,110.0,33.0,1.0,40.0,1.0,1.0,True,5335
566,566,50.0,1.0,21.0,2.0,4110.0,25.0,0.0,40.0,1.0,1.0,False,7957
567,567,46.0,1.0,22.0,1.0,3258.0,23.0,0.0,45.0,1.0,1.0,True,1889
568,568,59.0,3.0,16.0,2.0,4220.0,33.0,0.0,40.0,1.0,1.0,False,1613
569,569,44.0,1.0,16.0,1.0,9130.0,33.0,1.0,40.0,1.0,1.0,True,7417
570,570,46.0,1.0,16.0,1.0,3601.0,25.0,1.0,40.0,2.0,1.0,False,6315
571,571,27.0,1.0,19.0,2.0,310.0,33.0,0.0,40.0,1.0,1.0,False,3508
572,572,42.0,1.0,21.0,1.0,1021.0,33.0,0.0,40.0,1.0,1.0,True,7412
573,573,32.0,1.0,22.0,2.0,7700.0,36.0,2.0,50.0,1.0,1.0,False,7513
574,574,66.0,1.0,20.0,2.0,3323.0,139.0,0.0,24.0,2.0,1.0,False,3878
575,575,29.0,1.0,22.0,1.0,1021.0,33.0,1.0,40.0,1.0,1.0,True,3792
576,576,55.0,1.0,18.0,1.0,9130.0,25.0,0.0,58.0,1.0,2.0,True,5431
577,577,55.0,1.0,17.0,2.0,3603.0,33.0,16.0,20.0,1.0,1.0,False,350
578,578,40.0,1.0,21.0,2.0,9640.0,26.0,10.0,32.0,1.0,1.0,False,1402
579,579,64.0,1.0,16.0,1.0,7200.0,33.0,0.0,40.0,1.0,1.0,False,6299
580,580,65.0,1.0,22.0,2.0,51.0,36.0,0.0,45.0,2.0,1.0,True,2638
581,581,25.0,1.0,13.0,2.0,4220.0,9.0,2.0,2.0,2.0,1.0,False,1397
582,582,32.0,1.0,19.0,2.0,6442.0,33.0,13.0,42.0,1.0,1.0,False,7674
583,583,56.0,1.0,21.0,1.0,20.0,25.0,0.0,52.0,1.0,1.0,True,5759
584,584,50.0,1.0,21.0,1.0,1021.0,210.0,0.0,40.0,1.0,2.0,True,7557
585,585,59.0,1.0,21.0,1.0,6260.0,33.0,0.0,40.0,1.0,1.0,False,7881
586,586,49.0,1.0,19.0,1.0,5120.0,37.0,0.0,40.0,2.0,1.0,False,5325
587,587,71.0,1.0,22.0,1.0,3401.0,25.0,0.0,40.0,1.0,1.0,True,4117
588,588,65.0,5.0,22.0,2.0,440.0,55.0,0.0,45.0,1.0,1.0,True,1095
589,589,65.0,1.0,19.0,1.0,4435.0,33.0,1.0,40.0,1.0,1.0,False,4753
590,590,44.0,1.0,18.0,1.0,4750.0,54.0,0.0,40.0,1.0,1.0,False,3216
591,591,33.0,1.0,16.0,1.0,8000.0,33.0,0.0,40.0,1.0,1.0,False,6063
592,592,31.0,1.0,16.0,1.0,8225.0,33.0,1.0,45.0,1.0,1.0,False,1260
593,593,40.0,1.0,22.0,1.0,1530.0,25.0,0.0,50.0,1.0,1.0,True,7675
594,594,44.0,7.0,23.0,1.0,440.0,25.0,0.0,40.0,1.0,1.0,False,3585
595,595,17.0,1.0,13.0,2.0,4140.0,425.0,7.0,24.0,1.0,2.0,False,7420
596,596,57.0,4.0,16.0,1.0,6200.0,55.0,0.0,40.0,1.0,1.0,True,3618
597,597,36.0,1.0,20.0,2.0,1541.0,50.0,13.0,40.0,1.0,1.0,True,5084
598,598,68.0,4.0,21.0,1.0,2100.0,44.0,0.0,1.0,1.0,1.0,False,4009
599,599,19.0,1.0,18.0,2.0,4600.0,25.0,2.0,20.0,1.0,1.0,False,1787
600,600,30.0,1.0,21.0,1.0,1007.0,26.0,0.0,60.0,1.0,1.0,True,5532
601,601,52.0,1.0,16.0,2.0,7220.0,25.0,0.0,45.0,1.0,1.0,True,3587
602,602,31.0,1.0,19.0,1.0,4700.0,33.0,1.0,50.0,1.0,1.0,True,2109
603,603,20.0,4.0,19.0,2.0,2002.0,25.0,17.0,6.0,2.0,2.0,False,172
604,604,45.0,1.0,22.0,1.0,1530.0,33.0,0.0,40.0,1.0,1.0,True,4511
605,605,56.0,3.0,20.0,1.0,2440.0,33.0,1.0,38.0,2.0,1.0,False,4111
606,606,41.0,1.0,22.0,2.0,120.0,151.0,0.0,40.0,1.0,1.0,True,4424
607,607,52.0,1.0,21.0,1.0,2310.0,9.0,1.0,40.0,2.0,1.0,True,1841
608,608,43.0,1.0,13.0,1.0,4760.0,33.0,0.0,40.0,2.0,1.0,False,5653
609,609,23.0,6.0,16.0,2.0,4600.0,25.0,0.0,12.0,2.0,1.0,False,6173
610,610,60.0,1.0,24.0,2.0,2850.0,36.0,0.0,40.0,1.0,1.0,True,3806
611,611,20.0,1.0,19.0,2.0,4700.0,33.0,17.0,35.0,2.0,1.0,False,108
612,612,62.0,1.0,16.0,2.0,5240.0,25.0,0.0,40.0,2.0,1.0,False,7391
613,613,46.0,1.0,22.0,1.0,440.0,26.0,1.0,40.0,1.0,1.0,True,6776
614,614,67.0,1.0,19.0,1.0,5522.0,9.0,1.0,40.0,1.0,1.0,False,2360
615,615,60.0,1.0,21.0,1.0,4850.0,42.0,0.0,60.0,1.0,1.0,True,1882
616,616,24.0,1.0,20.0,2.0,3500.0,33.0,2.0,40.0,2.0,1.0,False,3588
617,617,51.0,1.0,20.0,1.0,4251.0,25.0,0.0,50.0,2.0,1.0,False,1784
618,618,53.0,1.0,21.0,1.0,1430.0,25.0,1.0,42.0,1.0,1.0,True,848
619,619,57.0,5.0,20.0,1.0,6010.0,39.0,0.0,50.0,1.0,1.0,True,2535
620,620,65.0,6.0,21.0,1.0,6050.0,25.0,1.0,18.0,2.0,1.0,False,6180
621,621,70.0,6.0,22.0,1.0,1360.0,33.0,0.0,30.0,1.0,2.0,True,991
622,622,55.0,1.0,21.0,1.0,440.0,25.0,1.0,50.0,2.0,1.0,True,5817
623,623,52.0,4.0,19.0,1.0,1555.0,25.0,1.0,38.0,1.0,1.0,True,4723
624,624,47.0,1.0,20.0,2.0,4251.0,25.0,0.0,50.0,2.0,1.0,False,7464
625,625,43.0,2.0,16.0,1.0,3323.0,37.0,1.0,40.0,2.0,1.0,True,1316
626,626,40.0,1.0,16.0,2.0,5120.0,33.0,2.0,40.0,2.0,1.0,False,4772
627,627,43.0,2.0,21.0,1.0,440.0,25.0,1.0,40.0,1.0,1.0,True,4564
628,628,37.0,1.0,17.0,1.0,310.0,33.0,1.0,45.0,1.0,1.0,False,7057
629,629,55.0,1.0,22.0,1.0,1021.0,53.0,0.0,40.0,1.0,1.0,True,6755
630,630,73.0,1.0,16.0,1.0,4251.0,25.0,1.0,25.0,1.0,1.0,False,5697
631,631,66.0,7.0,22.0,1.0,710.0,25.0,0.0,10.0,1.0,1.0,True,5089
632,632,58.0,6.0,16.0,2.0,6230.0,12.0,13.0,20.0,1.0,1.0,False,771
633,633,42.0,1.0,1.0,2.0,1006.0,25.0,0.0,50.0,2.0,1.0,True,933
634,634,39.0,1.0,22.0,1.0,440.0,25.0,0.0,50.0,1.0,1.0,True,5545
635,635,21.0,1.0,18.0,2.0,4760.0,33.0,13.0,38.0,2.0,1.0,False,465
636,636,58.0,6.0,20.0,2.0,6230.0,42.0,0.0,50.0,1.0,1.0,False,7376
637,637,18.0,1.0,16.0,2.0,4435.0,33.0,17.0,10.0,2.0,1.0,False,291
638,638,27.0,1.0,18.0,2.0,4020.0,12.0,2.0,40.0,1.0,1.0,False,5426
639,639,63.0,1.0,21.0,1.0,710.0,25.0,0.0,50.0,1.0,1.0,True,675
640,640,36.0,1.0,19.0,1.0,4700.0,55.0,0.0,45.0,2.0,1.0,False,1311
641,641,66.0,1.0,18.0,1.0,2861.0,25.0,0.0,40.0,2.0,1.0,False,3192
642,642,50.0,1.0,18.0,1.0,8740.0,25.0,1.0,40.0,2.0,1.0,False,3332
643,643,36.0,1.0,21.0,1.0,3255.0,9.0,0.0,30.0,2.0,1.0,False,2688
644,644,54.0,2.0,21.0,1.0,230.0,9.0,0.0,30.0,2.0,1.0,False,7570
645,645,19.0,1.0,18.0,2.0,9130.0,25.0,17.0,25.0,1.0,1.0,False,392
646,646,19.0,1.0,16.0,2.0,4020.0,313.0,2.0,40.0,1.0,2.0,False,1862
647,647,47.0,1.0,21.0,1.0,440.0,9.0,0.0,45.0,1.0,2.0,True,3254
648,648,29.0,1.0,16.0,2.0,8990.0,33.0,13.0,45.0,2.0,1.0,False,2680
649,649,65.0,1.0,21.0,2.0,440.0,33.0,0.0,40.0,1.0,1.0,True,3927
650,650,63.0,1.0,22.0,1.0,1021.0,25.0,0.0,45.0,1.0,1.0,True,5045
651,651,39.0,3.0,19.0,1.0,5521.0,25.0,0.0,56.0,1.0,1.0,True,7875
652,652,37.0,1.0,17.0,1.0,9121.0,33.0,0.0,20.0,2.0,2.0,False,1950
653,653,51.0,1.0,16.0,1.0,3324.0,33.0,0.0,30.0,2.0,1.0,True,1775
654,654,53.0,5.0,16.0,1.0,6442.0,240.0,0.0,40.0,1.0,1.0,True,1840
655,655,39.0,3.0,23.0,1.0,2310.0,23.0,1.0,40.0,2.0,1.0,True,5701
656,656,70.0,7.0,22.0,1.0,1305.0,224.0,1.0,45.0,1.0,1.0,False,4097
657,657,29.0,1.0,19.0,1.0,9620.0,33.0,1.0,45.0,1.0,1.0,True,4863
658,658,23.0,1.0,20.0,2.0,310.0,25.0,2.0,50.0,1.0,1.0,False,5165
659,659,33.0,3.0,21.0,1.0,2310.0,33.0,0.0,40.0,2.0,1.0,False,5204
660,660,29.0,7.0,19.0,1.0,440.0,362.0,0.0,35.0,1.0,1.0,True,5029
661,661,67.0,2.0,1.0,2.0,1980.0,72.0,11.0,24.0,1.0,1.0,False,6604
662,662,37.0,1.0,22.0,1.0,1021.0,210.0,0.0,40.0,1.0,2.0,True,2126
663,663,52.0,1.0,11.0,2.0,9130.0,33.0,0.0,20.0,1.0,1.0,False,7075
664,664,52.0,3.0,21.0,1.0,3870.0,33.0,0.0,24.0,1.0,1.0,True,4911
665,665,54.0,1.0,22.0,1.0,1530.0,139.0,1.0,40.0,1.0,1.0,True,3574
666,666,59.0,1.0,21.0,1.0,1460.0,163.0,0.0,40.0,1.0,1.0,True,632
667,667,30.0,1.0,16.0,1.0,7700.0,33.0,0.0,50.0,2.0,1.0,True,7457
668,668,30.0,7.0,17.0,1.0,6260.0,33.0,0.0,50.0,1.0,1.0,True,6424
669,669,43.0,1.0,14.0,1.0,7150.0,25.0,1.0,40.0,1.0,1.0,False,2857
670,670,59.0,1.0,16.0,1.0,4760.0,33.0,0.0,60.0,1.0,1.0,True,2099
671,671,22.0,1.0,20.0,2.0,3255.0,25.0,2.0,30.0,2.0,1.0,False,2918
672,672,37.0,5.0,20.0,2.0,7700.0,33.0,0.0,40.0,2.0,1.0,True,3672
673,673,40.0,1.0,16.0,2.0,5610.0,332.0,13.0,40.0,1.0,2.0,False,3162
674,674,53.0,6.0,14.0,2.0,7200.0,9.0,13.0,40.0,1.0,1.0,False,4412
675,675,52.0,2.0,22.0,1.0,3258.0,373.0,1.0,29.0,2.0,1.0,True,4718
676,676,42.0,1.0,22.0,1.0,1021.0,25.0,1.0,40.0,1.0,1.0,True,2150
677,677,21.0,1.0,18.0,2.0,7750.0,23.0,0.0,45.0,1.0,1.0,False,4190
678,678,67.0,5.0,21.0,1.0,3801.0,25.0,0.0,37.0,1.0,1.0,True,3905
679,679,43.0,1.0,20.0,1.0,4210.0,50.0,1.0,50.0,1.0,1.0,True,4210
680,680,21.0,1.0,19.0,2.0,8990.0,33.0,12.0,40.0,1.0,1.0,False,1128
681,681,61.0,2.0,20.0,1.0,800.0,25.0,0.0,35.0,1.0,1.0,False,2353
682,682,19.0,1.0,20.0,2.0,4720.0,25.0,2.0,20.0,1.0,1.0,False,3828
683,683,29.0,1.0,14.0,2.0,4220.0,33.0,2.0,40.0,2.0,1.0,False,4299
684,684,47.0,2.0,21.0,1.0,3930.0,36.0,0.0,45.0,1.0,1.0,True,3022
685,685,26.0,1.0,21.0,2.0,1360.0,33.0,0.0,55.0,1.0,1.0,True,6142
686,686,41.0,2.0,22.0,1.0,2205.0,25.0,0.0,10.0,2.0,1.0,False,6851
687,687,32.0,5.0,16.0,1.0,3802.0,23.0,0.0,40.0,2.0,1.0,False,5966
688,688,50.0,1.0,21.0,1.0,1530.0,34.0,1.0,40.0,1.0,1.0,True,4201
689,689,70.0,3.0,22.0,2.0,3230.0,33.0,0.0,6.0,2.0,1.0,True,5954
690,690,58.0,1.0,20.0,2.0,7010.0,25.0,0.0,40.0,1.0,1.0,True,2292
691,691,43.0,1.0,16.0,1.0,7140.0,33.0,0.0,50.0,1.0,1.0,True,2849
692,692,65.0,7.0,19.0,1.0,440.0,9.0,1.0,40.0,2.0,1.0,False,3010
693,693,39.0,1.0,20.0,1.0,4000.0,25.0,1.0,70.0,1.0,1.0,True,5034
694,694,51.0,1.0,17.0,1.0,4720.0,6.0,0.0,20.0,2.0,1.0,False,6940
695,695,40.0,1.0,18.0,1.0,3430.0,33.0,0.0,45.0,2.0,1.0,False,7503
696,696,28.0,1.0,19.0,2.0,4020.0,44.0,0.0,25.0,2.0,1.0,False,1958
697,697,73.0,3.0,16.0,2.0,9121.0,34.0,0.0,28.0,2.0,1.0,True,3857
698,698,55.0,1.0,17.0,2.0,3603.0,33.0,16.0,20.0,1.0,1.0,False,156
699,699,54.0,3.0,16.0,1.0,2545.0,6.0,1.0,34.0,2.0,1.0,False,955
700,700,26.0,4.0,21.0,1.0,2310.0,8.0,0.0,40.0,2.0,1.0,False,2950
701,701,68.0,1.0,21.0,1.0,2850.0,33.0,0.0,20.0,1.0,1.0,True,7193
702,702,55.0,2.0,19.0,1.0,5740.0,34.0,0.0,35.0,2.0,1.0,False,1478
703,703,57.0,1.0,21.0,1.0,530.0,25.0,1.0,40.0,1.0,1.0,True,2809
704,704,54.0,1.0,16.0,1.0,350.0,33.0,1.0,40.0,2.0,1.0,False,2261
705,705,48.0,3.0,21.0,2.0,5120.0,33.0,0.0,40.0,2.0,1.0,False,1538
706,706,30.0,1.0,13.0,1.0,4230.0,203.0,0.0,30.0,2.0,2.0,False,4333
707,707,67.0,7.0,20.0,1.0,6230.0,39.0,0.0,30.0,1.0,1.0,False,6605
708,708,55.0,1.0,19.0,2.0,9645.0,33.0,0.0,46.0,1.0,1.0,False,4103
709,709,57.0,1.0,20.0,2.0,1555.0,25.0,0.0,50.0,1.0,1.0,True,7851
710,710,60.0,3.0,18.0,1.0,4010.0,25.0,0.0,40.0,2.0,1.0,False,2890
711,711,57.0,3.0,22.0,1.0,2320.0,25.0,0.0,40.0,2.0,1.0,True,1064
712,712,48.0,1.0,18.0,1.0,160.0,33.0,0.0,40.0,2.0,1.0,False,7839
713,713,68.0,6.0,22.0,2.0,2752.0,23.0,0.0,2.0,2.0,1.0,False,3326
714,714,61.0,6.0,16.0,1.0,6200.0,23.0,1.0,30.0,1.0,1.0,False,4226
715,715,58.0,1.0,16.0,1.0,9130.0,33.0,0.0,45.0,1.0,1.0,True,3627
716,716,18.0,1.0,14.0,2.0,4140.0,34.0,2.0,15.0,1.0,1.0,False,1576
717,717,74.0,1.0,16.0,2.0,4720.0,25.0,0.0,25.0,2.0,1.0,False,1980
718,718,68.0,6.0,16.0,1.0,4600.0,25.0,1.0,55.0,2.0,1.0,False,5409
719,719,55.0,1.0,17.0,2.0,4130.0,25.0,0.0,7.0,2.0,1.0,False,3246
720,720,62.0,1.0,20.0,1.0,4760.0,25.0,1.0,40.0,2.0,1.0,False,7346
721,721,67.0,2.0,22.0,2.0,1980.0,25.0,0.0,24.0,1.0,1.0,False,7490
722,722,56.0,2.0,22.0,1.0,910.0,33.0,0.0,45.0,1.0,1.0,True,5787
723,723,45.0,1.0,21.0,1.0,1108.0,25.0,1.0,40.0,1.0,1.0,True,6110
724,724,71.0,1.0,19.0,2.0,5400.0,25.0,0.0,35.0,2.0,1.0,True,1544
725,725,31.0,6.0,16.0,1.0,4600.0,33.0,0.0,5.0,2.0,1.0,False,5179
726,726,57.0,1.0,17.0,2.0,7300.0,33.0,0.0,40.0,1.0,1.0,True,2864
727,727,19.0,1.0,16.0,2.0,5240.0,25.0,17.0,15.0,2.0,1.0,False,251
728,728,46.0,1.0,21.0,2.0,9030.0,33.0,0.0,20.0,1.0,1.0,True,5101
729,729,32.0,1.0,23.0,1.0,2100.0,36.0,0.0,60.0,1.0,1.0,True,830
730,730,40.0,6.0,22.0,1.0,1031.0,33.0,0.0,5.0,2.0,1.0,False,1284
731,731,62.0,1.0,18.0,2.0,8990.0,33.0,0.0,40.0,2.0,1.0,False,1445
732,732,51.0,2.0,18.0,1.0,410.0,25.0,0.0,45.0,1.0,1.0,True,5116
733,733,39.0,1.0,20.0,1.0,9645.0,25.0,1.0,70.0,1.0,2.0,False,7556
734,734,20.0,2.0,19.0,2.0,2205.0,25.0,17.0,30.0,2.0,1.0,False,63
735,735,57.0,1.0,1.0,1.0,4230.0,33.0,1.0,37.0,2.0,1.0,False,5349
736,736,61.0,6.0,16.0,1.0,6200.0,33.0,0.0,50.0,1.0,2.0,True,1015
737,737,21.0,4.0,19.0,2.0,4640.0,25.0,17.0,30.0,2.0,1.0,False,219
738,738,57.0,4.0,16.0,2.0,1545.0,33.0,11.0,40.0,1.0,1.0,False,3343
739,739,21.0,4.0,19.0,2.0,5040.0,33.0,12.0,29.0,2.0,1.0,False,5562
740,740,46.0,1.0,16.0,1.0,9130.0,33.0,1.0,40.0,1.0,1.0,False,3978
741,741,47.0,1.0,16.0,2.0,5600.0,33.0,0.0,45.0,2.0,1.0,False,7726
742,742,64.0,7.0,22.0,1.0,410.0,102.0,0.0,16.0,1.0,1.0,True,7527
743,743,47.0,1.0,21.0,1.0,110.0,13.0,0.0,60.0,1.0,1.0,True,3474
744,744,34.0,3.0,21.0,1.0,2435.0,33.0,1.0,40.0,1.0,1.0,False,686
745,745,36.0,1.0,21.0,1.0,4510.0,25.0,0.0,4.0,2.0,1.0,False,5555
746,746,35.0,1.0,20.0,1.0,1430.0,301.0,0.0,40.0,2.0,1.0,False,7555
747,747,22.0,3.0,19.0,2.0,5940.0,33.0,2.0,30.0,2.0,1.0,False,1230
748,748,18.0,4.0,18.0,2.0,5400.0,33.0,17.0,30.0,1.0,1.0,False,54
749,749,30.0,1.0,20.0,1.0,6442.0,33.0,1.0,40.0,1.0,1.0,False,5535
750,750,25.0,1.0,1.0,2.0,4510.0,33.0,13.0,35.0,2.0,1.0,False,6356
751,751,49.0,2.0,22.0,1.0,3255.0,25.0,0.0,60.0,2.0,1.0,True,5009
752,752,55.0,1.0,16.0,1.0,5610.0,9.0,6.0,55.0,2.0,1.0,False,4243
753,753,41.0,1.0,21.0,1.0,310.0,36.0,1.0,65.0,1.0,1.0,False,1205
754,754,30.0,1.0,21.0,1.0,140.0,25.0,1.0,45.0,1.0,1.0,True,4849
755,755,48.0,1.0,16.0,1.0,4510.0,25.0,1.0,25.0,2.0,1.0,False,2204
756,756,33.0,3.0,22.0,1.0,3870.0,44.0,0.0,40.0,1.0,1.0,True,2740
757,757,58.0,6.0,19.0,2.0,3725.0,6.0,0.0,48.0,1.0,1.0,True,6565
758,758,58.0,1.0,16.0,1.0,8740.0,17.0,1.0,50.0,1.0,1.0,False,3696
759,759,46.0,6.0,20.0,2.0,1010.0,34.0,0.0,40.0,1.0,1.0,True,4936
760,760,46.0,1.0,20.0,2.0,1545.0,25.0,0.0,40.0,1.0,1.0,True,3312
761,761,31.0,3.0,20.0,1.0,3255.0,23.0,1.0,40.0,2.0,1.0,False,5842
762,762,23.0,1.0,19.0,2.0,8640.0,25.0,0.0,40.0,2.0,1.0,False,7244
763,763,82.0,2.0,19.0,1.0,2752.0,16.0,1.0,2.0,2.0,1.0,False,2712
764,764,41.0,2.0,22.0,1.0,2360.0,33.0,0.0,40.0,2.0,1.0,False,1350
765,765,23.0,1.0,21.0,2.0,2810.0,25.0,2.0,40.0,2.0,1.0,False,5632
766,766,21.0,1.0,16.0,2.0,4020.0,33.0,2.0,30.0,1.0,1.0,False,3354
767,767,40.0,1.0,18.0,1.0,3640.0,33.0,0.0,35.0,2.0,2.0,False,5294
768,768,68.0,4.0,16.0,2.0,6730.0,33.0,0.0,12.0,2.0,1.0,False,1982
769,769,22.0,1.0,19.0,2.0,4240.0,33.0,2.0,50.0,1.0,1.0,False,782
770,770,60.0,1.0,17.0,1.0,5120.0,25.0,1.0,60.0,2.0,1.0,True,6608
771,771,48.0,1.0,21.0,2.0,1440.0,12.0,2.0,80.0,1.0,1.0,True,2910
772,772,18.0,4.0,14.0,2.0,3603.0,33.0,16.0,10.0,1.0,1.0,False,352
773,773,36.0,7.0,21.0,1.0,4350.0,33.0,0.0,25.0,2.0,1.0,False,2113
774,774,69.0,6.0,22.0,2.0,2752.0,44.0,0.0,2.0,1.0,1.0,False,5807
775,775,51.0,1.0,18.0,1.0,5240.0,6.0,1.0,40.0,1.0,1.0,True,4433
776,776,52.0,1.0,20.0,1.0,5000.0,33.0,1.0,32.0,2.0,1.0,True,3623
777,777,65.0,1.0,16.0,1.0,7700.0,33.0,1.0,45.0,1.0,1.0,False,5992
778,778,61.0,1.0,20.0,2.0,1360.0,25.0,0.0,50.0,1.0,1.0,True,3649
779,779,38.0,1.0,16.0,2.0,6130.0,33.0,2.0,50.0,1.0,1.0,False,4544
780,780,49.0,1.0,21.0,1.0,4760.0,25.0,0.0,48.0,1.0,1.0,True,1770
781,781,50.0,1.0,17.0,1.0,5110.0,33.0,0.0,20.0,1.0,1.0,False,3045
782,782,51.0,6.0,20.0,1.0,6130.0,23.0,1.0,40.0,1.0,1.0,False,2579
783,783,28.0,1.0,21.0,1.0,650.0,25.0,1.0,40.0,2.0,1.0,False,2534
784,784,41.0,1.0,19.0,2.0,3520.0,23.0,0.0,37.0,2.0,1.0,False,6095
785,785,59.0,1.0,16.0,2.0,3603.0,9.0,0.0,40.0,1.0,1.0,False,2667
786,786,36.0,4.0,21.0,1.0,5810.0,23.0,1.0,37.0,1.0,1.0,False,7722
787,787,46.0,1.0,18.0,1.0,20.0,33.0,1.0,40.0,1.0,1.0,False,688
788,788,28.0,1.0,21.0,1.0,2014.0,25.0,0.0,40.0,2.0,1.0,True,3243
789,789,68.0,4.0,22.0,1.0,2205.0,26.0,0.0,10.0,1.0,1.0,False,5825
790,790,59.0,1.0,21.0,2.0,1530.0,6.0,0.0,40.0,1.0,1.0,True,3125
791,791,29.0,2.0,21.0,2.0,630.0,36.0,0.0,40.0,2.0,1.0,False,2073
792,792,47.0,1.0,16.0,2.0,4700.0,36.0,13.0,40.0,2.0,1.0,False,2762
793,793,42.0,1.0,15.0,1.0,220.0,25.0,1.0,50.0,1.0,1.0,False,5549
794,794,19.0,1.0,19.0,2.0,9620.0,9.0,17.0,20.0,1.0,1.0,False,208
795,795,28.0,1.0,21.0,2.0,800.0,33.0,4.0,55.0,2.0,1.0,False,3724
796,796,56.0,1.0,18.0,1.0,5120.0,33.0,1.0,40.0,2.0,1.0,False,6389
797,797,59.0,1.0,21.0,1.0,4251.0,33.0,1.0,20.0,2.0,1.0,False,3906
798,798,87.0,1.0,9.0,2.0,5740.0,25.0,0.0,4.0,2.0,1.0,False,7240
799,799,89.0,6.0,21.0,2.0,2850.0,9.0,0.0,30.0,1.0,1.0,True,2342
800,800,48.0,2.0,22.0,1.0,2310.0,18.0,1.0,36.0,2.0,1.0,False,6491
801,801,52.0,1.0,21.0,1.0,1010.0,139.0,1.0,40.0,1.0,1.0,True,6338
802,802,28.0,2.0,20.0,1.0,3050.0,33.0,1.0,40.0,2.0,1.0,False,5302
803,803,59.0,1.0,16.0,1.0,3300.0,25.0,0.0,40.0,2.0,1.0,True,4620
804,804,76.0,7.0,22.0,1.0,2555.0,25.0,1.0,10.0,1.0,1.0,False,5565
805,805,22.0,1.0,21.0,2.0,1021.0,33.0,2.0,40.0,1.0,1.0,False,1748
806,806,29.0,2.0,21.0,2.0,2014.0,4.0,0.0,40.0,2.0,1.0,False,1417
807,807,59.0,2.0,24.0,2.0,3160.0,33.0,0.0,40.0,2.0,1.0,True,5190
808,808,23.0,5.0,22.0,2.0,2310.0,36.0,12.0,45.0,2.0,1.0,False,1473
809,809,54.0,1.0,18.0,2.0,9121.0,50.0,0.0,50.0,2.0,1.0,False,1323
810,810,62.0,1.0,19.0,1.0,5120.0,33.0,0.0,50.0,1.0,1.0,True,1267
811,811,30.0,1.0,21.0,2.0,4850.0,25.0,0.0,40.0,2.0,1.0,False,4227
812,812,30.0,2.0,21.0,2.0,3655.0,33.0,0.0,40.0,1.0,1.0,True,957
813,813,58.0,1.0,16.0,2.0,6050.0,33.0,2.0,32.0,2.0,1.0,False,2844
814,814,22.0,3.0,21.0,2.0,2320.0,33.0,2.0,40.0,2.0,1.0,False,7733
815,815,49.0,2.0,21.0,1.0,2310.0,33.0,0.0,45.0,2.0,1.0,False,4806
816,816,29.0,1.0,18.0,2.0,1545.0,25.0,2.0,40.0,1.0,1.0,False,1047
817,817,18.0,3.0,18.0,2.0,3960.0,36.0,17.0,50.0,1.0,1.0,False,330
818,818,52.0,1.0,21.0,2.0,4840.0,25.0,0.0,45.0,2.0,1.0,True,993
819,819,46.0,4.0,21.0,1.0,10.0,23.0,0.0,38.0,1.0,1.0,True,2877
820,820,18.0,1.0,16.0,2.0,3605.0,34.0,17.0,23.0,1.0,1.0,False,355
821,821,27.0,1.0,21.0,1.0,2310.0,33.0,0.0,45.0,1.0,1.0,False,1865
822,822,67.0,2.0,19.0,1.0,5120.0,301.0,0.0,40.0,2.0,1.0,False,479
823,823,20.0,1.0,19.0,2.0,4150.0,9.0,17.0,40.0,1.0,1.0,False,80
824,824,43.0,1.0,21.0,2.0,530.0,9.0,0.0,45.0,1.0,1.0,True,1649
825,825,68.0,2.0,24.0,2.0,725.0,44.0,0.0,15.0,2.0,1.0,False,5312
826,826,48.0,1.0,21.0,1.0,120.0,49.0,1.0,40.0,1.0,1.0,True,2349
827,827,66.0,2.0,22.0,1.0,2040.0,17.0,0.0,45.0,1.0,1.0,True,4123
828,828,47.0,6.0,17.0,2.0,4230.0,33.0,13.0,40.0,2.0,1.0,False,2050
829,829,17.0,1.0,14.0,2.0,9645.0,33.0,2.0,9.0,2.0,1.0,False,6527
830,830,49.0,3.0,21.0,1.0,2310.0,6.0,0.0,50.0,1.0,1.0,True,4150
831,831,39.0,1.0,16.0,2.0,5330.0,6.0,0.0,40.0,2.0,1.0,False,6038
832,832,58.0,1.0,16.0,1.0,7330.0,33.0,0.0,40.0,1.0,1.0,False,4163
833,833,60.0,1.0,21.0,1.0,3300.0,42.0,0.0,40.0,1.0,1.0,True,2840
834,834,20.0,2.0,16.0,2.0,4055.0,25.0,2.0,20.0,1.0,1.0,False,6352
835,835,43.0,3.0,22.0,1.0,230.0,33.0,1.0,40.0,1.0,2.0,True,2940
836,836,47.0,1.0,23.0,1.0,5330.0,25.0,0.0,40.0,2.0,1.0,True,2252
837,837,21.0,5.0,16.0,2.0,5560.0,33.0,13.0,45.0,2.0,1.0,False,7012
838,838,64.0,1.0,20.0,1.0,5240.0,33.0,0.0,55.0,1.0,1.0,True,1004
839,839,46.0,6.0,12.0,2.0,9141.0,33.0,0.0,70.0,1.0,1.0,False,6029
840,840,53.0,1.0,21.0,1.0,630.0,23.0,0.0,40.0,2.0,1.0,True,1430
841,841,17.0,1.0,14.0,2.0,4720.0,23.0,2.0,10.0,1.0,1.0,False,3470
842,842,56.0,1.0,21.0,1.0,1720.0,25.0,0.0,40.0,2.0,1.0,True,3841
843,843,57.0,1.0,21.0,2.0,3648.0,25.0,5.0,35.0,2.0,1.0,False,5685
844,844,60.0,3.0,16.0,2.0,3603.0,33.0,0.0,40.0,2.0,1.0,False,1529
845,845,18.0,1.0,16.0,2.0,6260.0,25.0,17.0,40.0,1.0,1.0,False,416
846,846,67.0,1.0,14.0,1.0,4220.0,33.0,0.0,35.0,1.0,1.0,False,3608
847,847,61.0,1.0,19.0,1.0,5100.0,33.0,0.0,45.0,1.0,1.0,True,6961
848,848,71.0,1.0,22.0,1.0,10.0,25.0,0.0,4.0,1.0,1.0,True,4441
849,849,33.0,1.0,11.0,1.0,4720.0,229.0,1.0,40.0,2.0,2.0,False,4007
850,850,48.0,1.0,22.0,1.0,120.0,23.0,0.0,55.0,1.0,1.0,True,1153
851,851,21.0,1.0,19.0,2.0,5860.0,25.0,17.0,30.0,2.0,1.0,False,82
852,852,55.0,5.0,18.0,1.0,3740.0,53.0,1.0,60.0,1.0,1.0,True,731
853,853,19.0,1.0,19.0,2.0,4055.0,53.0,17.0,20.0,2.0,1.0,False,115
854,854,52.0,1.0,16.0,2.0,8255.0,5.0,0.0,40.0,1.0,1.0,False,953
855,855,62.0,3.0,17.0,2.0,4220.0,25.0,12.0,16.0,2.0,1.0,False,6350
856,856,46.0,1.0,20.0,1.0,9645.0,33.0,1.0,40.0,2.0,1.0,False,3733
857,857,26.0,2.0,16.0,1.0,4600.0,33.0,0.0,36.0,2.0,1.0,False,5446
858,858,51.0,1.0,16.0,1.0,6305.0,25.0,11.0,40.0,1.0,1.0,True,4765
859,859,36.0,2.0,21.0,1.0,230.0,33.0,0.0,38.0,2.0,1.0,True,6886
860,860,53.0,1.0,20.0,1.0,3930.0,25.0,1.0,42.0,1.0,1.0,True,1785
861,861,23.0,1.0,21.0,2.0,8990.0,23.0,0.0,48.0,1.0,1.0,True,6092
862,862,18.0,1.0,14.0,2.0,4130.0,40.0,2.0,25.0,2.0,1.0,False,4719
863,863,32.0,3.0,20.0,1.0,3740.0,25.0,1.0,80.0,1.0,1.0,True,3214
864,864,36.0,1.0,21.0,1.0,2310.0,6.0,1.0,40.0,1.0,1.0,True,6572
865,865,18.0,1.0,19.0,2.0,9645.0,33.0,10.0,30.0,1.0,1.0,False,5357
866,866,19.0,1.0,16.0,2.0,5240.0,33.0,2.0,35.0,1.0,1.0,False,4125
867,867,47.0,3.0,16.0,2.0,4622.0,33.0,3.0,33.0,2.0,1.0,False,3245
868,868,30.0,2.0,19.0,1.0,4720.0,12.0,2.0,30.0,2.0,1.0,False,4712
869,869,45.0,1.0,16.0,2.0,4251.0,33.0,0.0,40.0,1.0,1.0,False,7217
870,870,71.0,1.0,16.0,2.0,4760.0,33.0,8.0,40.0,1.0,1.0,True,5056
871,871,32.0,1.0,19.0,1.0,6115.0,315.0,1.0,50.0,1.0,2.0,False,6440
872,872,21.0,1.0,18.0,2.0,4020.0,33.0,2.0,32.0,2.0,1.0,False,1301
873,873,55.0,1.0,16.0,1.0,7220.0,33.0,1.0,40.0,1.0,1.0,True,7121
874,874,67.0,7.0,21.0,1.0,710.0,36.0,1.0,45.0,1.0,2.0,True,2000
875,875,18.0,4.0,18.0,2.0,3603.0,33.0,17.0,32.0,2.0,1.0,False,419
876,876,19.0,1.0,19.0,2.0,4000.0,55.0,2.0,32.0,1.0,1.0,False,708
877,877,25.0,1.0,18.0,2.0,8500.0,33.0,2.0,40.0,1.0,1.0,False,1531
878,878,60.0,1.0,11.0,1.0,6305.0,33.0,1.0,40.0,1.0,1.0,False,4335
879,879,49.0,5.0,21.0,1.0,440.0,25.0,1.0,40.0,1.0,1.0,True,1493
880,880,48.0,1.0,20.0,1.0,750.0,25.0,0.0,40.0,1.0,1.0,True,4219
881,881,66.0,6.0,19.0,1.0,4600.0,25.0,1.0,60.0,2.0,1.0,False,7433
882,882,25.0,1.0,14.0,1.0,410.0,33.0,1.0,40.0,1.0,1.0,False,1653
883,883,64.0,4.0,16.0,1.0,5120.0,33.0,0.0,37.0,2.0,1.0,False,6639
884,884,47.0,2.0,22.0,1.0,10.0,33.0,0.0,50.0,2.0,1.0,True,1601
885,885,54.0,7.0,16.0,2.0,4230.0,20.0,2.0,5.0,2.0,1.0,False,1644
886,886,26.0,1.0,20.0,1.0,4850.0,33.0,0.0,38.0,2.0,1.0,False,5217
887,887,18.0,4.0,14.0,2.0,3603.0,33.0,16.0,10.0,1.0,1.0,False,70
888,888,24.0,1.0,16.0,2.0,4110.0,25.0,13.0,23.0,2.0,1.0,False,2885
889,889,32.0,1.0,13.0,1.0,5120.0,33.0,10.0,40.0,2.0,1.0,False,7113
890,890,33.0,1.0,24.0,1.0,3160.0,25.0,1.0,40.0,2.0,1.0,True,7895
891,891,38.0,1.0,20.0,2.0,7700.0,33.0,0.0,55.0,1.0,1.0,True,6858
892,892,37.0,3.0,16.0,2.0,930.0,33.0,13.0,49.0,2.0,1.0,False,1055
893,893,53.0,1.0,20.0,1.0,1108.0,33.0,0.0,44.0,2.0,1.0,True,3713
894,894,34.0,1.0,8.0,2.0,9610.0,33.0,12.0,45.0,1.0,1.0,False,2679
895,895,26.0,1.0,21.0,2.0,140.0,50.0,0.0,60.0,2.0,1.0,True,7187
896,896,67.0,6.0,16.0,1.0,9130.0,33.0,1.0,60.0,1.0,1.0,False,4740
897,897,18.0,1.0,16.0,2.0,8990.0,33.0,0.0,47.0,1.0,1.0,False,5072
898,898,38.0,1.0,16.0,1.0,9130.0,27.0,1.0,50.0,2.0,1.0,True,7393
899,899,65.0,6.0,21.0,1.0,1305.0,33.0,1.0,40.0,2.0,1.0,True,5989
900,900,26.0,1.0,21.0,2.0,9645.0,25.0,13.0,45.0,1.0,1.0,True,7188
901,901,19.0,1.0,19.0,2.0,1310.0,25.0,17.0,40.0,2.0,1.0,False,31
902,902,30.0,1.0,14.0,1.0,7200.0,39.0,16.0,52.0,1.0,2.0,False,84
903,903,56.0,2.0,20.0,2.0,350.0,33.0,11.0,40.0,2.0,1.0,True,2020
904,904,50.0,1.0,16.0,2.0,4710.0,25.0,2.0,40.0,1.0,1.0,False,7243
905,905,19.0,1.0,19.0,2.0,2350.0,33.0,17.0,4.0,1.0,1.0,False,106
906,906,40.0,6.0,21.0,1.0,4600.0,33.0,1.0,20.0,2.0,1.0,False,7676
907,907,26.0,1.0,16.0,2.0,8030.0,33.0,2.0,38.0,1.0,1.0,False,838
908,908,30.0,1.0,16.0,2.0,4435.0,33.0,13.0,40.0,1.0,1.0,False,6912
909,909,53.0,1.0,13.0,2.0,4230.0,33.0,0.0,40.0,2.0,1.0,False,5002
910,910,56.0,7.0,16.0,1.0,6260.0,25.0,1.0,40.0,1.0,1.0,True,638
911,911,72.0,3.0,22.0,1.0,4251.0,34.0,0.0,12.0,1.0,1.0,True,5909
912,912,22.0,1.0,15.0,2.0,7200.0,33.0,13.0,40.0,1.0,1.0,False,2655
913,913,39.0,6.0,18.0,1.0,2360.0,33.0,1.0,52.0,2.0,1.0,False,6555
914,914,70.0,2.0,22.0,2.0,4621.0,33.0,0.0,1.0,2.0,1.0,False,7596
915,915,22.0,1.0,16.0,2.0,1031.0,25.0,12.0,40.0,1.0,1.0,False,6867
916,916,60.0,7.0,18.0,1.0,440.0,25.0,1.0,40.0,1.0,1.0,False,4234
917,917,36.0,6.0,16.0,1.0,4251.0,33.0,1.0,40.0,1.0,1.0,False,7845
918,918,28.0,1.0,17.0,2.0,4720.0,33.0,2.0,25.0,2.0,1.0,False,1265
919,919,19.0,1.0,18.0,2.0,9610.0,25.0,17.0,25.0,1.0,1.0,False,181
920,920,18.0,1.0,16.0,2.0,4140.0,33.0,2.0,15.0,2.0,1.0,False,5209
921,921,50.0,5.0,21.0,2.0,3960.0,33.0,0.0,40.0,2.0,1.0,True,1945
922,922,43.0,3.0,21.0,1.0,2545.0,36.0,0.0,15.0,2.0,1.0,False,2226
923,923,72.0,1.0,22.0,1.0,9645.0,25.0,0.0,15.0,1.0,1.0,True,4613
924,924,37.0,1.0,17.0,2.0,4220.0,25.0,0.0,20.0,2.0,1.0,False,4663
925,925,53.0,1.0,17.0,1.0,6260.0,36.0,0.0,40.0,1.0,1.0,False,2833
926,926,44.0,1.0,20.0,1.0,3255.0,17.0,0.0,40.0,1.0,1.0,False,4611
927,927,58.0,1.0,12.0,1.0,9760.0,33.0,0.0,40.0,1.0,1.0,False,3271
928,928,46.0,2.0,21.0,1.0,1400.0,24.0,1.0,40.0,1.0,1.0,True,6256
929,929,52.0,2.0,16.0,1.0,5740.0,37.0,1.0,40.0,2.0,1.0,False,5308
930,930,27.0,1.0,21.0,2.0,4010.0,36.0,13.0,36.0,2.0,1.0,False,5455
931,931,64.0,2.0,21.0,1.0,3255.0,9.0,1.0,45.0,2.0,1.0,True,7312
932,932,43.0,3.0,21.0,1.0,2310.0,33.0,0.0,50.0,2.0,1.0,True,3107
933,933,37.0,5.0,16.0,1.0,6355.0,33.0,1.0,40.0,1.0,1.0,True,3599
934,934,56.0,1.0,17.0,1.0,4700.0,39.0,1.0,40.0,1.0,1.0,True,6509
935,935,70.0,2.0,22.0,1.0,710.0,36.0,0.0,30.0,1.0,1.0,True,2484
936,936,43.0,7.0,17.0,2.0,6410.0,33.0,16.0,30.0,2.0,1.0,False,324
937,937,60.0,1.0,20.0,1.0,4700.0,33.0,1.0,38.0,2.0,1.0,False,3926
938,938,47.0,1.0,20.0,2.0,5740.0,36.0,0.0,52.0,2.0,1.0,True,3173
939,939,34.0,1.0,22.0,2.0,4700.0,207.0,0.0,60.0,2.0,2.0,True,6108
940,940,21.0,1.0,19.0,2.0,4150.0,33.0,2.0,20.0,2.0,1.0,False,1659
941,941,55.0,4.0,20.0,1.0,3820.0,33.0,0.0,40.0,1.0,1.0,True,4700
942,942,51.0,2.0,21.0,1.0,800.0,33.0,0.0,40.0,1.0,1.0,True,434
943,943,44.0,1.0,22.0,2.0,1555.0,42.0,0.0,40.0,2.0,1.0,True,1099
944,944,40.0,1.0,18.0,1.0,4700.0,25.0,0.0,35.0,2.0,1.0,False,3034
945,945,20.0,1.0,19.0,2.0,750.0,25.0,0.0,35.0,1.0,1.0,False,2567
946,946,55.0,1.0,20.0,1.0,1545.0,25.0,0.0,44.0,1.0,1.0,True,4142
947,947,54.0,6.0,18.0,2.0,6230.0,44.0,13.0,40.0,1.0,1.0,True,3410
948,948,67.0,1.0,19.0,1.0,4710.0,33.0,1.0,42.0,1.0,1.0,True,827
949,949,51.0,2.0,19.0,1.0,2300.0,25.0,1.0,25.0,2.0,1.0,False,6767
950,950,25.0,3.0,16.0,2.0,7340.0,25.0,13.0,45.0,1.0,1.0,True,3861
951,951,60.0,1.0,21.0,2.0,5240.0,17.0,0.0,40.0,1.0,1.0,False,6546
952,952,57.0,1.0,1.0,1.0,8030.0,33.0,0.0,60.0,1.0,1.0,False,4372
953,953,63.0,2.0,23.0,1.0,2040.0,19.0,0.0,24.0,1.0,1.0,True,6158
954,954,19.0,4.0,19.0,2.0,8990.0,9.0,17.0,8.0,1.0,1.0,False,16
955,955,66.0,3.0,16.0,1.0,9121.0,33.0,1.0,20.0,1.0,1.0,True,7349
956,956,49.0,1.0,16.0,1.0,5600.0,25.0,0.0,40.0,2.0,1.0,False,818
957,957,71.0,1.0,17.0,1.0,4720.0,33.0,1.0,15.0,2.0,1.0,False,2575
958,958,60.0,1.0,16.0,1.0,5740.0,33.0,0.0,40.0,2.0,1.0,False,5877
959,959,25.0,1.0,17.0,2.0,7330.0,33.0,0.0,40.0,1.0,2.0,False,7960
960,960,49.0,1.0,21.0,1.0,5165.0,25.0,1.0,40.0,1.0,1.0,True,7400
961,961,58.0,7.0,16.0,2.0,6050.0,33.0,0.0,40.0,2.0,1.0,False,2444
962,962,67.0,7.0,23.0,1.0,2100.0,25.0,0.0,45.0,1.0,1.0,False,4029
963,963,19.0,1.0,19.0,2.0,4720.0,33.0,17.0,25.0,2.0,1.0,False,148
964,964,25.0,1.0,21.0,2.0,630.0,33.0,13.0,45.0,2.0,1.0,False,5882
965,965,45.0,2.0,19.0,1.0,3402.0,6.0,1.0,40.0,2.0,1.0,False,707
966,966,63.0,1.0,16.0,1.0,6442.0,25.0,1.0,40.0,1.0,1.0,False,3662
967,967,56.0,1.0,19.0,1.0,8740.0,33.0,1.0,40.0,1.0,1.0,False,3631
968,968,24.0,5.0,19.0,2.0,6355.0,139.0,0.0,90.0,1.0,1.0,True,1582
969,969,30.0,1.0,21.0,1.0,1460.0,33.0,1.0,84.0,1.0,1.0,True,7157
970,970,38.0,3.0,21.0,1.0,2310.0,36.0,1.0,40.0,2.0,1.0,False,6818
971,971,39.0,3.0,22.0,1.0,2310.0,33.0,0.0,40.0,2.0,1.0,True,2928
972,972,59.0,6.0,24.0,1.0,310.0,25.0,1.0,50.0,1.0,1.0,False,5660
973,973,27.0,2.0,22.0,2.0,2310.0,42.0,0.0,55.0,1.0,1.0,False,3438
974,974,47.0,2.0,22.0,1.0,1108.0,42.0,1.0,40.0,2.0,1.0,True,7005
975,975,40.0,1.0,21.0,1.0,440.0,33.0,1.0,20.0,2.0,1.0,False,4408
976,976,27.0,5.0,21.0,2.0,650.0,9.0,0.0,80.0,1.0,1.0,False,7685
977,977,63.0,7.0,18.0,2.0,5240.0,36.0,0.0,20.0,1.0,1.0,False,7234
978,978,42.0,2.0,23.0,1.0,3090.0,333.0,0.0,40.0,1.0,2.0,True,1625
979,979,21.0,4.0,19.0,2.0,4640.0,9.0,17.0,30.0,1.0,1.0,False,232
980,980,67.0,1.0,20.0,1.0,1555.0,33.0,0.0,40.0,1.0,1.0,True,5216
981,981,28.0,1.0,19.0,2.0,9645.0,33.0,2.0,40.0,1.0,1.0,False,6118
982,982,52.0,1.0,16.0,1.0,4760.0,33.0,1.0,40.0,2.0,1.0,False,5865
983,983,29.0,1.0,20.0,2.0,4850.0,33.0,13.0,40.0,2.0,1.0,False,7706
984,984,58.0,1.0,21.0,1.0,735.0,39.0,0.0,40.0,1.0,1.0,True,6506
985,985,25.0,1.0,22.0,2.0,4700.0,9.0,0.0,50.0,1.0,1.0,True,3305
986,986,35.0,1.0,20.0,1.0,4700.0,33.0,0.0,40.0,2.0,1.0,True,4871
987,987,39.0,1.0,16.0,2.0,6410.0,25.0,2.0,33.0,1.0,1.0,False,1482
988,988,72.0,6.0,16.0,2.0,4920.0,25.0,0.0,15.0,2.0,1.0,False,1270
989,989,72.0,6.0,19.0,2.0,2640.0,41.0,0.0,20.0,2.0,1.0,False,723
990,990,21.0,1.0,19.0,2.0,4640.0,25.0,17.0,24.0,1.0,1.0,False,48
991,991,25.0,1.0,19.0,2.0,1108.0,33.0,0.0,40.0,1.0,1.0,False,808
992,992,19.0,1.0,18.0,2.0,4720.0,25.0,4.0,30.0,1.0,1.0,False,5443
993,993,53.0,3.0,16.0,1.0,3802.0,25.0,0.0,40.0,1.0,1.0,True,5630
994,994,28.0,5.0,21.0,2.0,530.0,33.0,2.0,40.0,1.0,1.0,True,2277
995,995,47.0,1.0,19.0,1.0,800.0,25.0,0.0,45.0,2.0,1.0,True,5360
996,996,56.0,1.0,16.0,2.0,4700.0,301.0,0.0,40.0,2.0,1.0,False,6985
997,997,19.0,5.0,16.0,2.0,9830.0,29.0,17.0,40.0,1.0,1.0,False,231
998,998,48.0,1.0,21.0,1.0,565.0,33.0,1.0,40.0,1.0,1.0,True,755
999,999,51.0,1.0,21.0,1.0,7640.0,9.0,1.0,55.0,1.0,1.0,True,3817
1000,1000,62.0,1.0,16.0,2.0,4720.0,50.0,13.0,10.0,2.0,1.0,False,6547
1001,1001,43.0,1.0,21.0,1.0,2330.0,33.0,1.0,35.0,2.0,1.0,False,1102
1002,1002,44.0,7.0,22.0,2.0,230.0,33.0,0.0,50.0,2.0,1.0,False,4378
1003,1003,55.0,2.0,20.0,1.0,5860.0,25.0,0.0,40.0,2.0,1.0,True,7511
1004,1004,20.0,3.0,16.0,2.0,3602.0,25.0,2.0,5.0,2.0,1.0,False,949
1005,1005,52.0,1.0,21.0,1.0,440.0,25.0,0.0,50.0,2.0,1.0,True,1471
1006,1006,59.0,2.0,17.0,2.0,4220.0,33.0,0.0,20.0,2.0,1.0,False,4053
1007,1007,46.0,3.0,22.0,1.0,2310.0,23.0,1.0,40.0,2.0,1.0,True,7247
1008,1008,41.0,1.0,17.0,1.0,5110.0,138.0,0.0,30.0,2.0,1.0,False,4405
1009,1009,43.0,1.0,19.0,1.0,440.0,33.0,1.0,40.0,2.0,1.0,False,1774
1010,1010,58.0,4.0,21.0,1.0,2310.0,19.0,1.0,40.0,2.0,1.0,True,5411
1011,1011,30.0,1.0,16.0,2.0,9620.0,33.0,0.0,30.0,1.0,1.0,False,6083
1012,1012,63.0,1.0,23.0,2.0,4055.0,25.0,5.0,20.0,1.0,1.0,False,2357
1013,1013,69.0,1.0,19.0,1.0,4220.0,42.0,1.0,32.0,1.0,1.0,False,7737
1014,1014,22.0,3.0,21.0,2.0,2545.0,33.0,2.0,33.0,2.0,1.0,False,4532
1015,1015,58.0,1.0,12.0,2.0,4760.0,33.0,0.0,25.0,1.0,1.0,False,7035
1016,1016,46.0,1.0,16.0,1.0,6200.0,33.0,1.0,48.0,1.0,1.0,True,5395
1017,1017,68.0,4.0,16.0,2.0,440.0,25.0,0.0,25.0,1.0,1.0,False,762
1018,1018,21.0,4.0,19.0,2.0,4640.0,25.0,17.0,30.0,2.0,1.0,False,212
1019,1019,59.0,3.0,22.0,1.0,230.0,33.0,1.0,40.0,2.0,1.0,True,3940
1020,1020,54.0,6.0,24.0,1.0,6660.0,33.0,0.0,20.0,1.0,1.0,False,4877
1021,1021,31.0,1.0,16.0,2.0,705.0,33.0,0.0,42.0,2.0,1.0,False,7265
1022,1022,26.0,1.0,21.0,2.0,4840.0,33.0,12.0,40.0,1.0,1.0,False,6837
1023,1023,39.0,1.0,18.0,1.0,2360.0,42.0,1.0,40.0,1.0,1.0,True,5337
1024,1024,49.0,1.0,22.0,1.0,3110.0,19.0,1.0,30.0,2.0,1.0,True,2200
1025,1025,34.0,1.0,21.0,2.0,310.0,25.0,0.0,37.0,1.0,1.0,True,7200
1026,1026,53.0,1.0,20.0,2.0,5240.0,33.0,0.0,60.0,2.0,1.0,False,6930
1027,1027,70.0,1.0,23.0,2.0,4850.0,24.0,0.0,40.0,2.0,1.0,True,7258
1028,1028,40.0,1.0,16.0,1.0,7810.0,50.0,1.0,40.0,1.0,1.0,False,1310
1029,1029,35.0,1.0,16.0,1.0,150.0,36.0,1.0,40.0,2.0,1.0,False,1992
1030,1030,31.0,1.0,16.0,2.0,7700.0,12.0,0.0,40.0,1.0,1.0,False,4487
1031,1031,45.0,1.0,15.0,1.0,4220.0,329.0,0.0,54.0,1.0,1.0,False,4388
1032,1032,21.0,1.0,15.0,2.0,9620.0,33.0,2.0,4.0,2.0,1.0,False,2601
1033,1033,49.0,1.0,20.0,1.0,4850.0,33.0,0.0,50.0,1.0,1.0,True,3591
1034,1034,20.0,1.0,16.0,2.0,1420.0,6.0,2.0,40.0,1.0,1.0,False,5514
1035,1035,18.0,1.0,16.0,2.0,4140.0,33.0,2.0,15.0,2.0,1.0,False,7321
1036,1036,55.0,1.0,14.0,1.0,7340.0,33.0,1.0,40.0,1.0,1.0,False,5654
1037,1037,43.0,1.0,17.0,2.0,9620.0,33.0,2.0,40.0,1.0,1.0,False,960
1038,1038,57.0,1.0,21.0,1.0,565.0,25.0,0.0,40.0,2.0,1.0,True,3003
1039,1039,67.0,4.0,23.0,1.0,440.0,25.0,1.0,50.0,1.0,1.0,True,719
1040,1040,23.0,1.0,21.0,2.0,4110.0,42.0,2.0,30.0,2.0,1.0,False,1257
1041,1041,45.0,7.0,19.0,1.0,4840.0,25.0,0.0,70.0,2.0,1.0,True,518
1042,1042,59.0,1.0,16.0,1.0,2545.0,23.0,1.0,40.0,2.0,1.0,False,5149
1043,1043,19.0,1.0,18.0,2.0,9610.0,25.0,17.0,25.0,1.0,1.0,False,169
1044,1044,75.0,3.0,16.0,1.0,9620.0,33.0,0.0,21.0,1.0,1.0,False,7578
1045,1045,65.0,2.0,20.0,1.0,5000.0,25.0,0.0,40.0,1.0,1.0,True,2776
1046,1046,52.0,1.0,18.0,1.0,8225.0,25.0,1.0,44.0,2.0,1.0,False,1514
1047,1047,46.0,1.0,16.0,1.0,4110.0,33.0,1.0,40.0,2.0,1.0,False,4566
1048,1048,48.0,1.0,21.0,1.0,5940.0,36.0,1.0,36.0,2.0,1.0,False,3023
1049,1049,31.0,2.0,18.0,2.0,4965.0,6.0,2.0,16.0,1.0,1.0,False,6808
1050,1050,34.0,1.0,21.0,2.0,540.0,33.0,0.0,45.0,1.0,1.0,True,4960
1051,1051,81.0,1.0,21.0,1.0,4760.0,25.0,0.0,20.0,1.0,1.0,False,7561
1052,1052,52.0,1.0,16.0,2.0,5940.0,34.0,0.0,45.0,2.0,1.0,False,3973
1053,1053,75.0,6.0,22.0,2.0,4760.0,44.0,0.0,10.0,2.0,2.0,False,4251
1054,1054,48.0,1.0,21.0,1.0,1108.0,34.0,1.0,40.0,1.0,1.0,True,3094
1055,1055,24.0,5.0,19.0,1.0,7640.0,29.0,0.0,40.0,2.0,1.0,False,5803
1056,1056,31.0,1.0,16.0,1.0,5860.0,25.0,1.0,40.0,2.0,1.0,False,3116
1057,1057,53.0,6.0,20.0,2.0,6260.0,33.0,2.0,65.0,1.0,1.0,True,894
1058,1058,58.0,1.0,17.0,1.0,9130.0,33.0,0.0,38.0,1.0,1.0,False,6186
1059,1059,28.0,3.0,21.0,2.0,2205.0,421.0,0.0,40.0,1.0,2.0,False,3397
1060,1060,49.0,2.0,23.0,1.0,2205.0,32.0,0.0,45.0,2.0,1.0,True,869
1061,1061,53.0,3.0,22.0,1.0,2310.0,33.0,1.0,40.0,2.0,1.0,True,5920
1062,1062,64.0,1.0,19.0,2.0,7330.0,36.0,0.0,43.0,1.0,1.0,True,6850
1063,1063,21.0,1.0,18.0,2.0,5850.0,4.0,17.0,15.0,2.0,2.0,False,195
1064,1064,64.0,1.0,20.0,1.0,220.0,33.0,0.0,40.0,1.0,1.0,True,3180
1065,1065,57.0,1.0,19.0,1.0,5860.0,33.0,0.0,37.0,2.0,1.0,False,5609
1066,1066,23.0,1.0,16.0,2.0,5240.0,33.0,2.0,40.0,1.0,1.0,False,5848
1067,1067,58.0,7.0,1.0,1.0,4710.0,301.0,1.0,50.0,1.0,1.0,False,2184
1068,1068,55.0,2.0,20.0,1.0,3255.0,23.0,1.0,40.0,2.0,1.0,True,5243
1069,1069,56.0,1.0,16.0,1.0,1555.0,33.0,0.0,50.0,1.0,1.0,True,3352
1070,1070,58.0,1.0,13.0,1.0,7210.0,33.0,0.0,40.0,1.0,1.0,False,1455
1071,1071,26.0,1.0,16.0,2.0,4055.0,25.0,13.0,35.0,2.0,1.0,False,3783
1072,1072,31.0,2.0,21.0,1.0,2320.0,26.0,1.0,40.0,1.0,1.0,False,1703
1073,1073,33.0,1.0,18.0,2.0,5600.0,44.0,2.0,40.0,2.0,1.0,False,1830
1074,1074,31.0,1.0,20.0,2.0,3645.0,25.0,2.0,40.0,2.0,1.0,False,2356
1075,1075,87.0,6.0,16.0,1.0,205.0,25.0,0.0,30.0,1.0,1.0,False,6780
1076,1076,22.0,1.0,21.0,2.0,1021.0,33.0,2.0,25.0,1.0,1.0,False,4128
1077,1077,57.0,1.0,18.0,1.0,3255.0,48.0,1.0,38.0,2.0,1.0,False,1828
1078,1078,36.0,1.0,17.0,2.0,4850.0,33.0,0.0,50.0,1.0,1.0,True,1346
1079,1079,18.0,1.0,16.0,2.0,5240.0,33.0,2.0,37.0,1.0,1.0,False,495
1080,1080,68.0,4.0,20.0,1.0,810.0,33.0,0.0,15.0,1.0,1.0,True,5087
1081,1081,61.0,6.0,21.0,1.0,4800.0,36.0,0.0,20.0,2.0,1.0,False,5435
1082,1082,37.0,1.0,21.0,1.0,4700.0,33.0,0.0,50.0,1.0,1.0,True,6433
1083,1083,25.0,2.0,16.0,2.0,3655.0,25.0,2.0,45.0,2.0,1.0,False,4170
1084,1084,55.0,1.0,20.0,1.0,2145.0,33.0,0.0,45.0,2.0,1.0,False,562
1085,1085,25.0,1.0,20.0,2.0,6130.0,12.0,2.0,45.0,1.0,1.0,False,6097
1086,1086,25.0,1.0,21.0,2.0,1007.0,36.0,0.0,38.0,1.0,1.0,True,6764
1087,1087,53.0,1.0,16.0,1.0,7905.0,25.0,1.0,40.0,1.0,1.0,False,6093
1088,1088,60.0,1.0,16.0,2.0,6305.0,25.0,0.0,65.0,1.0,1.0,True,2380
1089,1089,40.0,3.0,22.0,1.0,2310.0,17.0,0.0,40.0,2.0,1.0,True,871
1090,1090,58.0,3.0,21.0,2.0,2310.0,33.0,0.0,45.0,1.0,1.0,True,6101
1091,1091,22.0,1.0,21.0,2.0,5240.0,33.0,2.0,40.0,1.0,1.0,False,1132
1092,1092,60.0,6.0,22.0,1.0,940.0,25.0,0.0,30.0,2.0,1.0,False,5779
1093,1093,32.0,2.0,21.0,2.0,230.0,23.0,2.0,40.0,2.0,1.0,False,3885
1094,1094,54.0,1.0,16.0,2.0,3430.0,33.0,0.0,38.0,2.0,1.0,False,5853
1095,1095,37.0,2.0,16.0,1.0,420.0,24.0,1.0,40.0,2.0,1.0,False,7305
1096,1096,22.0,1.0,21.0,2.0,1021.0,36.0,2.0,40.0,1.0,1.0,True,1374
1097,1097,56.0,1.0,19.0,1.0,3500.0,25.0,1.0,35.0,2.0,1.0,False,2550
1098,1098,28.0,1.0,14.0,2.0,4055.0,33.0,17.0,20.0,2.0,1.0,False,165
1099,1099,27.0,3.0,21.0,2.0,4220.0,229.0,15.0,40.0,1.0,2.0,False,7641
1100,1100,70.0,6.0,22.0,1.0,2310.0,25.0,1.0,4.0,2.0,1.0,False,4162
1101,1101,47.0,1.0,23.0,1.0,4000.0,33.0,1.0,30.0,1.0,1.0,False,5806
1102,1102,24.0,1.0,21.0,1.0,9610.0,25.0,1.0,36.0,2.0,1.0,False,7296
1103,1103,55.0,6.0,16.0,1.0,440.0,23.0,1.0,40.0,2.0,1.0,False,6929
1104,1104,52.0,1.0,16.0,2.0,6825.0,36.0,0.0,42.0,1.0,1.0,False,6249
1105,1105,53.0,1.0,19.0,1.0,120.0,9.0,0.0,40.0,2.0,1.0,True,504
1106,1106,53.0,2.0,18.0,1.0,9130.0,25.0,0.0,40.0,2.0,1.0,False,3603
1107,1107,53.0,1.0,15.0,2.0,340.0,33.0,0.0,40.0,1.0,1.0,False,5434
1108,1108,32.0,1.0,21.0,2.0,630.0,33.0,0.0,40.0,2.0,1.0,True,6846
1109,1109,22.0,1.0,21.0,2.0,630.0,33.0,2.0,40.0,2.0,1.0,False,3240
1110,1110,18.0,1.0,14.0,2.0,8830.0,33.0,2.0,4.0,1.0,1.0,False,506
1111,1111,52.0,2.0,20.0,1.0,350.0,34.0,1.0,50.0,1.0,1.0,True,1479
1112,1112,45.0,1.0,16.0,1.0,7315.0,33.0,1.0,45.0,1.0,1.0,False,3728
1113,1113,44.0,1.0,16.0,2.0,8030.0,33.0,15.0,40.0,1.0,1.0,False,6125
1114,1114,31.0,1.0,21.0,1.0,120.0,33.0,1.0,40.0,2.0,1.0,True,3349
1115,1115,45.0,1.0,21.0,1.0,440.0,25.0,0.0,50.0,1.0,1.0,True,6008
1116,1116,32.0,1.0,20.0,2.0,5240.0,25.0,2.0,20.0,1.0,1.0,False,4363
1117,1117,30.0,4.0,21.0,2.0,2310.0,9.0,13.0,35.0,1.0,1.0,False,5374
1118,1118,42.0,3.0,21.0,1.0,2014.0,6.0,0.0,35.0,2.0,1.0,False,3425
1119,1119,71.0,1.0,20.0,1.0,4760.0,36.0,0.0,30.0,1.0,1.0,False,4558
1120,1120,35.0,1.0,21.0,1.0,9030.0,26.0,0.0,30.0,1.0,1.0,True,1500
1121,1121,28.0,1.0,21.0,1.0,3255.0,44.0,0.0,36.0,2.0,1.0,True,1883
1122,1122,60.0,1.0,22.0,1.0,2004.0,25.0,0.0,40.0,1.0,1.0,True,7632
1123,1123,27.0,1.0,14.0,2.0,7330.0,33.0,0.0,50.0,1.0,1.0,False,5377
1124,1124,28.0,3.0,19.0,1.0,3820.0,33.0,0.0,49.0,1.0,1.0,True,7184
1125,1125,63.0,1.0,19.0,1.0,4700.0,33.0,1.0,40.0,2.0,1.0,False,1618
1126,1126,51.0,1.0,17.0,2.0,4220.0,372.0,6.0,40.0,1.0,1.0,False,7442
1127,1127,49.0,6.0,22.0,1.0,440.0,33.0,0.0,52.0,1.0,1.0,True,1145
1128,1128,62.0,1.0,22.0,1.0,9030.0,17.0,0.0,40.0,1.0,1.0,True,7444
1129,1129,28.0,1.0,21.0,2.0,8740.0,33.0,2.0,40.0,1.0,1.0,False,741
1130,1130,33.0,1.0,21.0,2.0,1050.0,44.0,0.0,40.0,1.0,1.0,False,6046
1131,1131,44.0,5.0,19.0,1.0,3820.0,36.0,0.0,50.0,1.0,1.0,True,7848
1132,1132,54.0,1.0,16.0,1.0,4230.0,33.0,1.0,32.0,2.0,1.0,False,6958
1133,1133,19.0,1.0,16.0,2.0,5240.0,25.0,17.0,15.0,2.0,1.0,False,341
1134,1134,54.0,1.0,19.0,1.0,5860.0,33.0,0.0,40.0,1.0,1.0,True,6942
1135,1135,65.0,2.0,16.0,2.0,9130.0,25.0,13.0,15.0,2.0,1.0,False,5869
1136,1136,51.0,7.0,20.0,1.0,10.0,50.0,0.0,55.0,1.0,1.0,True,7946
1137,1137,65.0,1.0,16.0,2.0,4020.0,25.0,13.0,45.0,1.0,1.0,False,2382
1138,1138,57.0,1.0,19.0,1.0,8130.0,25.0,1.0,45.0,1.0,1.0,False,3179
1139,1139,21.0,1.0,16.0,2.0,4110.0,33.0,2.0,25.0,2.0,1.0,False,5724
1140,1140,61.0,7.0,24.0,1.0,1021.0,6.0,1.0,80.0,1.0,1.0,False,599
1141,1141,43.0,1.0,18.0,1.0,705.0,25.0,0.0,40.0,1.0,1.0,True,727
1142,1142,70.0,7.0,21.0,1.0,10.0,25.0,1.0,40.0,2.0,1.0,True,4100
1143,1143,34.0,1.0,23.0,1.0,2100.0,25.0,0.0,45.0,1.0,1.0,True,3099
1144,1144,21.0,4.0,19.0,2.0,7140.0,25.0,2.0,45.0,1.0,1.0,False,429
1145,1145,62.0,1.0,21.0,1.0,4760.0,109.0,1.0,20.0,2.0,1.0,False,5885
1146,1146,56.0,1.0,23.0,1.0,20.0,140.0,0.0,50.0,1.0,1.0,True,1864
1147,1147,18.0,1.0,16.0,2.0,4251.0,23.0,17.0,38.0,1.0,1.0,False,366
1148,1148,38.0,4.0,21.0,1.0,1105.0,407.0,0.0,35.0,1.0,2.0,True,3612
1149,1149,53.0,1.0,21.0,1.0,1050.0,25.0,0.0,40.0,1.0,1.0,False,5035
1150,1150,43.0,2.0,24.0,1.0,2310.0,36.0,0.0,60.0,2.0,1.0,False,3082
1151,1151,21.0,5.0,19.0,2.0,9810.0,33.0,2.0,16.0,1.0,1.0,False,6754
1152,1152,52.0,1.0,21.0,2.0,1021.0,23.0,0.0,45.0,1.0,1.0,True,5174
1153,1153,32.0,1.0,15.0,2.0,310.0,33.0,7.0,35.0,1.0,1.0,False,4779
1154,1154,64.0,1.0,21.0,2.0,5000.0,23.0,0.0,45.0,2.0,1.0,False,1168
1155,1155,39.0,6.0,16.0,1.0,9130.0,33.0,0.0,40.0,2.0,1.0,True,4812
1156,1156,54.0,1.0,21.0,1.0,6520.0,33.0,0.0,50.0,1.0,2.0,True,6789
1157,1157,22.0,4.0,20.0,2.0,3802.0,33.0,0.0,40.0,1.0,1.0,False,546
1158,1158,39.0,1.0,19.0,2.0,2300.0,25.0,0.0,34.0,2.0,1.0,False,1137
1159,1159,47.0,7.0,21.0,1.0,1021.0,33.0,0.0,40.0,1.0,1.0,True,1105
1160,1160,53.0,1.0,16.0,1.0,4140.0,33.0,0.0,40.0,1.0,1.0,False,5389
1161,1161,23.0,2.0,21.0,2.0,2722.0,33.0,2.0,10.0,2.0,1.0,False,770
1162,1162,62.0,6.0,16.0,1.0,4700.0,33.0,0.0,56.0,1.0,1.0,False,1611
1163,1163,56.0,1.0,22.0,1.0,440.0,39.0,1.0,45.0,1.0,1.0,True,1067
1164,1164,29.0,1.0,21.0,2.0,9130.0,33.0,2.0,45.0,1.0,1.0,False,5400
1165,1165,53.0,6.0,17.0,1.0,6515.0,34.0,0.0,30.0,1.0,1.0,False,7580
1166,1166,31.0,2.0,22.0,2.0,1220.0,51.0,0.0,43.0,2.0,1.0,True,1593
1167,1167,61.0,1.0,22.0,1.0,2205.0,25.0,11.0,45.0,1.0,1.0,False,1962
1168,1168,39.0,2.0,21.0,1.0,2014.0,25.0,1.0,30.0,2.0,1.0,False,2564
1169,1169,21.0,4.0,19.0,2.0,4640.0,25.0,17.0,30.0,2.0,1.0,False,158
1170,1170,54.0,1.0,20.0,1.0,2300.0,39.0,1.0,38.0,2.0,1.0,False,3515
1171,1171,31.0,1.0,16.0,1.0,7150.0,33.0,1.0,50.0,1.0,1.0,True,4377
1172,1172,18.0,3.0,16.0,2.0,3430.0,33.0,2.0,10.0,1.0,1.0,False,6986
1173,1173,47.0,1.0,21.0,1.0,1460.0,25.0,1.0,40.0,1.0,1.0,True,4531
1174,1174,55.0,2.0,22.0,1.0,1240.0,42.0,1.0,40.0,2.0,1.0,True,2031
1175,1175,17.0,1.0,14.0,2.0,4760.0,33.0,2.0,15.0,2.0,1.0,False,5497
1176,1176,18.0,6.0,18.0,2.0,4600.0,25.0,17.0,20.0,2.0,2.0,False,274
1177,1177,59.0,7.0,20.0,1.0,1560.0,33.0,1.0,40.0,1.0,1.0,False,1807
1178,1178,23.0,1.0,21.0,1.0,4840.0,33.0,1.0,40.0,1.0,1.0,False,5804
1179,1179,39.0,1.0,20.0,2.0,4110.0,33.0,15.0,38.0,2.0,1.0,False,5617
1180,1180,42.0,6.0,20.0,2.0,6442.0,50.0,0.0,45.0,1.0,1.0,False,1246
1181,1181,36.0,1.0,16.0,1.0,7700.0,44.0,1.0,50.0,1.0,1.0,True,5269
1182,1182,63.0,2.0,1.0,2.0,8365.0,33.0,15.0,25.0,1.0,1.0,False,813
1183,1183,50.0,1.0,22.0,1.0,1530.0,25.0,0.0,50.0,1.0,1.0,True,737
1184,1184,30.0,1.0,21.0,2.0,4040.0,25.0,2.0,42.0,2.0,1.0,False,5046
1185,1185,67.0,1.0,13.0,1.0,7810.0,33.0,0.0,16.0,1.0,1.0,False,2993
1186,1186,50.0,1.0,16.0,1.0,7700.0,42.0,1.0,40.0,1.0,1.0,False,7495
1187,1187,45.0,1.0,22.0,1.0,110.0,25.0,1.0,40.0,1.0,1.0,True,4195
1188,1188,20.0,1.0,19.0,2.0,5940.0,23.0,17.0,15.0,2.0,1.0,False,424
1189,1189,35.0,1.0,19.0,2.0,4110.0,34.0,0.0,40.0,2.0,1.0,False,2615
1190,1190,49.0,1.0,16.0,1.0,6200.0,25.0,1.0,50.0,1.0,1.0,False,5110
1191,1191,41.0,1.0,21.0,1.0,1021.0,242.0,0.0,45.0,1.0,2.0,True,7625
1192,1192,44.0,1.0,16.0,1.0,9130.0,139.0,0.0,48.0,1.0,1.0,True,7761
1193,1193,69.0,1.0,17.0,1.0,7950.0,33.0,1.0,40.0,2.0,1.0,False,2048
1194,1194,61.0,3.0,21.0,1.0,2310.0,25.0,1.0,50.0,2.0,1.0,True,3450
1195,1195,44.0,1.0,19.0,1.0,4850.0,10.0,0.0,50.0,1.0,1.0,False,6244
1196,1196,58.0,1.0,21.0,1.0,102.0,25.0,1.0,50.0,1.0,1.0,True,5214
1197,1197,33.0,1.0,21.0,2.0,710.0,33.0,13.0,50.0,1.0,1.0,True,556
1198,1198,54.0,1.0,16.0,1.0,5840.0,33.0,1.0,40.0,2.0,1.0,False,5173
1199,1199,49.0,1.0,21.0,2.0,705.0,33.0,0.0,45.0,1.0,1.0,True,6076
1200,1200,21.0,1.0,19.0,2.0,4020.0,25.0,17.0,18.0,1.0,2.0,False,102
1201,1201,52.0,1.0,16.0,2.0,9620.0,25.0,13.0,40.0,1.0,1.0,False,456
1202,1202,43.0,2.0,20.0,1.0,3323.0,17.0,0.0,40.0,1.0,1.0,True,624
1203,1203,29.0,1.0,18.0,2.0,7750.0,44.0,15.0,40.0,1.0,1.0,False,4963
1204,1204,47.0,1.0,21.0,2.0,4840.0,25.0,0.0,40.0,2.0,1.0,False,522
1205,1205,39.0,6.0,18.0,1.0,6230.0,25.0,9.0,70.0,1.0,1.0,True,7224
1206,1206,18.0,1.0,18.0,2.0,9350.0,25.0,17.0,40.0,1.0,1.0,False,210
1207,1207,31.0,1.0,16.0,2.0,8740.0,33.0,13.0,45.0,1.0,1.0,False,6404
1208,1208,38.0,1.0,16.0,1.0,7200.0,224.0,2.0,42.0,1.0,1.0,False,6542
1209,1209,61.0,3.0,21.0,1.0,2545.0,25.0,1.0,20.0,2.0,1.0,False,7260
1210,1210,64.0,6.0,19.0,1.0,6520.0,9.0,0.0,40.0,1.0,1.0,False,3260
1211,1211,29.0,6.0,16.0,2.0,6230.0,33.0,0.0,32.0,1.0,1.0,False,5030
1212,1212,41.0,1.0,18.0,1.0,110.0,51.0,0.0,48.0,2.0,1.0,True,2837
1213,1213,53.0,1.0,18.0,1.0,3255.0,25.0,1.0,42.0,2.0,1.0,True,4039
1214,1214,35.0,1.0,19.0,1.0,3602.0,33.0,10.0,22.0,2.0,1.0,False,952
1215,1215,38.0,4.0,16.0,2.0,4220.0,25.0,13.0,40.0,2.0,1.0,False,1772
1216,1216,49.0,1.0,21.0,1.0,4251.0,25.0,0.0,35.0,1.0,1.0,False,5733
1217,1217,68.0,1.0,21.0,1.0,1021.0,25.0,0.0,45.0,1.0,1.0,True,7564
1218,1218,59.0,1.0,21.0,1.0,8990.0,48.0,0.0,20.0,2.0,1.0,False,3411
1219,1219,57.0,1.0,21.0,1.0,1305.0,13.0,0.0,43.0,2.0,1.0,True,6781
1220,1220,24.0,4.0,21.0,2.0,2545.0,25.0,17.0,30.0,1.0,1.0,False,98
1221,1221,34.0,1.0,22.0,1.0,1010.0,25.0,1.0,40.0,1.0,1.0,True,3080
1222,1222,54.0,6.0,21.0,1.0,5740.0,55.0,1.0,30.0,2.0,1.0,False,4632
1223,1223,20.0,2.0,18.0,2.0,9130.0,25.0,2.0,40.0,2.0,1.0,False,5167
1224,1224,25.0,1.0,19.0,1.0,4700.0,6.0,1.0,40.0,1.0,1.0,False,3519
1225,1225,65.0,4.0,20.0,1.0,705.0,24.0,0.0,40.0,1.0,1.0,False,1370
1226,1226,63.0,1.0,16.0,1.0,9130.0,23.0,0.0,24.0,1.0,1.0,False,6446
1227,1227,67.0,1.0,23.0,1.0,3250.0,31.0,1.0,50.0,1.0,1.0,True,3441
1228,1228,31.0,2.0,20.0,1.0,3401.0,33.0,9.0,30.0,2.0,1.0,False,2165
1229,1229,48.0,1.0,16.0,1.0,8140.0,362.0,1.0,40.0,2.0,1.0,False,3353
1230,1230,51.0,1.0,18.0,2.0,4055.0,9.0,0.0,20.0,1.0,1.0,False,6849
1231,1231,41.0,1.0,20.0,2.0,5740.0,25.0,0.0,32.0,2.0,1.0,False,5371
1232,1232,19.0,1.0,17.0,2.0,4760.0,33.0,2.0,15.0,2.0,1.0,False,6931
1233,1233,28.0,2.0,20.0,1.0,5740.0,18.0,0.0,40.0,2.0,2.0,False,2830
1234,1234,32.0,1.0,22.0,1.0,2310.0,33.0,0.0,33.0,2.0,1.0,False,4263
1235,1235,53.0,1.0,21.0,1.0,910.0,36.0,1.0,40.0,1.0,1.0,True,3972
1236,1236,52.0,1.0,21.0,1.0,110.0,25.0,1.0,40.0,1.0,1.0,True,1202
1237,1237,66.0,1.0,17.0,2.0,8740.0,36.0,0.0,10.0,2.0,1.0,False,4769
1238,1238,83.0,1.0,16.0,2.0,9130.0,25.0,0.0,3.0,1.0,1.0,False,1110
1239,1239,53.0,7.0,19.0,1.0,310.0,25.0,1.0,40.0,1.0,1.0,True,7863
1240,1240,64.0,6.0,16.0,1.0,205.0,33.0,1.0,50.0,2.0,1.0,False,648
1241,1241,18.0,1.0,18.0,2.0,4110.0,25.0,17.0,13.0,1.0,1.0,False,387
1242,1242,26.0,2.0,21.0,2.0,726.0,53.0,0.0,40.0,2.0,1.0,False,6343
1243,1243,37.0,6.0,1.0,1.0,3630.0,207.0,0.0,25.0,2.0,2.0,False,6840
1244,1244,53.0,7.0,21.0,2.0,1541.0,25.0,0.0,20.0,1.0,1.0,False,2707
1245,1245,29.0,1.0,19.0,2.0,1050.0,100.0,2.0,40.0,1.0,1.0,True,4470
1246,1246,57.0,1.0,19.0,1.0,9645.0,48.0,1.0,12.0,2.0,1.0,False,925
1247,1247,37.0,3.0,21.0,1.0,2310.0,53.0,0.0,40.0,2.0,1.0,False,6621
1248,1248,48.0,1.0,16.0,2.0,6230.0,50.0,15.0,40.0,1.0,1.0,False,4761
1249,1249,49.0,3.0,18.0,2.0,5521.0,50.0,0.0,56.0,1.0,1.0,True,1375
1250,1250,33.0,1.0,19.0,2.0,5000.0,6.0,0.0,40.0,2.0,1.0,True,5083
1251,1251,61.0,3.0,19.0,1.0,5400.0,25.0,0.0,18.0,2.0,1.0,False,7601
1252,1252,37.0,1.0,21.0,2.0,1006.0,33.0,16.0,32.0,2.0,1.0,False,367
1253,1253,58.0,1.0,16.0,2.0,9130.0,27.0,0.0,40.0,1.0,1.0,False,5316
1254,1254,57.0,1.0,19.0,1.0,110.0,25.0,0.0,38.0,1.0,1.0,True,2142
1255,1255,28.0,2.0,21.0,2.0,2350.0,2.0,0.0,16.0,2.0,1.0,False,5907
1256,1256,26.0,1.0,21.0,2.0,3300.0,34.0,2.0,40.0,2.0,1.0,False,5231
1257,1257,19.0,1.0,19.0,2.0,4622.0,25.0,17.0,40.0,2.0,1.0,False,248
1258,1258,23.0,1.0,21.0,2.0,4820.0,6.0,2.0,45.0,1.0,2.0,False,7074
1259,1259,58.0,6.0,19.0,1.0,440.0,25.0,0.0,40.0,1.0,1.0,False,6928
1260,1260,42.0,1.0,19.0,2.0,3321.0,33.0,2.0,40.0,2.0,1.0,False,6363
1261,1261,32.0,1.0,18.0,2.0,5260.0,33.0,2.0,40.0,2.0,1.0,False,550
1262,1262,48.0,1.0,11.0,1.0,7330.0,303.0,0.0,40.0,1.0,1.0,False,5905
1263,1263,65.0,1.0,19.0,1.0,4720.0,42.0,1.0,20.0,2.0,1.0,False,6165
1264,1264,23.0,1.0,22.0,2.0,4540.0,25.0,10.0,40.0,1.0,1.0,False,7865
1265,1265,44.0,7.0,21.0,1.0,310.0,36.0,0.0,20.0,1.0,1.0,False,6420
1266,1266,69.0,1.0,19.0,1.0,150.0,36.0,0.0,40.0,1.0,1.0,True,2060
1267,1267,45.0,1.0,16.0,2.0,8255.0,33.0,5.0,40.0,1.0,1.0,False,4576
1268,1268,20.0,2.0,16.0,2.0,3960.0,25.0,2.0,15.0,1.0,1.0,False,489
1269,1269,17.0,1.0,14.0,2.0,9620.0,25.0,2.0,25.0,1.0,1.0,False,965
