,Unnamed: 0,AGEP,COW,SCHL,MAR,OCCP,POBP,RELP,WKHP,SEX,RAC1P,PINCP
0,7255,30.0,5.0,16.0,2.0,2545.0,35.0,2.0,40.0,2.0,2.0,True
1,7256,60.0,6.0,16.0,1.0,4710.0,110.0,0.0,40.0,2.0,1.0,False
2,7257,26.0,1.0,20.0,2.0,6230.0,35.0,2.0,30.0,1.0,2.0,False
3,7258,47.0,6.0,15.0,2.0,7200.0,35.0,0.0,25.0,1.0,2.0,False
4,7259,86.0,7.0,16.0,2.0,4760.0,303.0,0.0,48.0,2.0,1.0,True
5,7260,45.0,1.0,14.0,2.0,3601.0,35.0,0.0,24.0,2.0,2.0,False
6,7261,36.0,1.0,19.0,1.0,7855.0,303.0,0.0,40.0,1.0,1.0,False
7,7262,63.0,1.0,22.0,1.0,800.0,6.0,0.0,40.0,2.0,1.0,True
8,7263,28.0,1.0,22.0,1.0,4760.0,35.0,1.0,30.0,1.0,1.0,False
9,7264,31.0,2.0,20.0,2.0,3500.0,35.0,0.0,38.0,2.0,1.0,False
10,7265,83.0,6.0,16.0,2.0,6260.0,35.0,0.0,20.0,1.0,1.0,False
11,7266,56.0,1.0,21.0,1.0,3310.0,35.0,0.0,35.0,2.0,1.0,False
12,7267,44.0,1.0,19.0,2.0,3421.0,35.0,0.0,40.0,2.0,1.0,False
13,7268,56.0,1.0,21.0,2.0,4350.0,163.0,0.0,40.0,2.0,1.0,False
14,7269,29.0,2.0,19.0,2.0,5740.0,303.0,0.0,40.0,2.0,1.0,False
15,7270,47.0,5.0,20.0,1.0,5740.0,35.0,1.0,40.0,2.0,1.0,False
16,7271,34.0,3.0,16.0,1.0,7700.0,35.0,1.0,45.0,1.0,1.0,True
17,7272,60.0,1.0,16.0,2.0,7800.0,35.0,5.0,30.0,2.0,2.0,False
18,7273,30.0,4.0,21.0,2.0,2002.0,35.0,0.0,40.0,1.0,1.0,False
19,7274,37.0,1.0,7.0,1.0,4020.0,303.0,1.0,30.0,2.0,2.0,False
20,7275,38.0,1.0,21.0,1.0,705.0,8.0,0.0,80.0,1.0,1.0,True
21,7276,48.0,1.0,10.0,1.0,4850.0,303.0,0.0,40.0,1.0,1.0,False
22,7277,48.0,1.0,15.0,2.0,4220.0,303.0,0.0,40.0,1.0,1.0,False
23,7278,20.0,4.0,19.0,2.0,5860.0,35.0,2.0,40.0,1.0,1.0,False
24,7279,38.0,1.0,21.0,1.0,8610.0,35.0,1.0,32.0,2.0,1.0,True
25,7280,65.0,6.0,23.0,1.0,940.0,35.0,0.0,10.0,1.0,1.0,True
26,7281,56.0,1.0,21.0,1.0,4700.0,35.0,0.0,50.0,1.0,1.0,True
27,7282,28.0,1.0,22.0,2.0,2850.0,6.0,2.0,40.0,2.0,1.0,False
28,7283,61.0,3.0,22.0,1.0,2310.0,48.0,0.0,45.0,2.0,1.0,True
29,7284,56.0,1.0,16.0,1.0,9620.0,35.0,10.0,40.0,1.0,2.0,False
30,7285,41.0,5.0,19.0,1.0,7315.0,35.0,1.0,40.0,1.0,1.0,True
31,7286,41.0,2.0,22.0,2.0,5250.0,4.0,2.0,40.0,1.0,2.0,False
32,7287,26.0,1.0,19.0,2.0,4600.0,35.0,0.0,40.0,2.0,1.0,False
33,7288,28.0,1.0,16.0,1.0,9130.0,35.0,1.0,40.0,1.0,1.0,False
34,7289,51.0,1.0,20.0,2.0,9620.0,35.0,2.0,20.0,2.0,1.0,False
35,7290,56.0,1.0,19.0,2.0,9645.0,35.0,0.0,50.0,1.0,2.0,False
36,7291,38.0,4.0,19.0,1.0,2545.0,35.0,0.0,14.0,2.0,1.0,False
37,7292,42.0,4.0,21.0,1.0,1750.0,13.0,0.0,40.0,1.0,1.0,True
38,7293,56.0,1.0,21.0,1.0,7750.0,42.0,0.0,55.0,1.0,1.0,True
39,7294,34.0,1.0,19.0,2.0,3602.0,35.0,10.0,22.0,2.0,2.0,False
40,7295,52.0,1.0,16.0,2.0,8750.0,35.0,0.0,40.0,2.0,2.0,False
41,7296,51.0,3.0,22.0,1.0,2310.0,35.0,1.0,24.0,2.0,1.0,False
42,7297,38.0,1.0,16.0,1.0,6305.0,303.0,1.0,40.0,1.0,1.0,False
43,7298,48.0,2.0,16.0,1.0,1530.0,26.0,0.0,40.0,1.0,1.0,True
44,7299,69.0,7.0,20.0,1.0,7130.0,35.0,0.0,50.0,1.0,1.0,True
45,7300,60.0,1.0,20.0,2.0,7200.0,35.0,0.0,40.0,1.0,2.0,False
46,7301,17.0,3.0,14.0,2.0,4600.0,51.0,2.0,20.0,2.0,1.0,False
47,7302,48.0,6.0,21.0,2.0,4760.0,35.0,0.0,40.0,1.0,2.0,False
48,7303,29.0,7.0,21.0,1.0,440.0,35.0,0.0,40.0,2.0,1.0,False
49,7304,68.0,6.0,16.0,1.0,6825.0,35.0,0.0,10.0,1.0,1.0,False
50,7305,65.0,1.0,16.0,2.0,3602.0,35.0,0.0,18.0,2.0,1.0,False
51,7306,36.0,3.0,18.0,1.0,2320.0,126.0,0.0,8.0,2.0,1.0,False
52,7307,33.0,1.0,14.0,2.0,4020.0,36.0,13.0,30.0,1.0,2.0,False
53,7308,51.0,1.0,17.0,2.0,4600.0,48.0,13.0,40.0,2.0,1.0,False
54,7309,65.0,1.0,16.0,2.0,3640.0,35.0,0.0,40.0,2.0,2.0,False
55,7310,21.0,4.0,21.0,2.0,2205.0,245.0,17.0,10.0,2.0,2.0,False
56,7311,51.0,4.0,22.0,1.0,2014.0,39.0,1.0,40.0,2.0,1.0,True
57,7312,38.0,1.0,22.0,1.0,4710.0,35.0,1.0,45.0,1.0,1.0,True
58,7313,35.0,3.0,21.0,2.0,3710.0,35.0,0.0,40.0,1.0,2.0,False
59,7314,39.0,1.0,20.0,1.0,5630.0,35.0,1.0,40.0,1.0,1.0,False
60,7315,41.0,1.0,19.0,1.0,4110.0,51.0,0.0,32.0,1.0,1.0,False
61,7316,67.0,3.0,21.0,2.0,2310.0,12.0,0.0,17.0,2.0,1.0,False
62,7317,49.0,4.0,21.0,2.0,2310.0,35.0,0.0,40.0,2.0,2.0,True
63,7318,61.0,1.0,14.0,2.0,4020.0,35.0,5.0,40.0,2.0,2.0,False
64,7319,46.0,6.0,16.0,1.0,8750.0,35.0,9.0,40.0,1.0,2.0,False
65,7320,37.0,1.0,16.0,1.0,3603.0,35.0,1.0,40.0,1.0,1.0,False
66,7321,45.0,1.0,14.0,1.0,4700.0,48.0,16.0,40.0,1.0,1.0,False
67,7322,34.0,1.0,20.0,2.0,3255.0,134.0,0.0,40.0,2.0,1.0,True
68,7323,31.0,1.0,22.0,1.0,1610.0,35.0,1.0,40.0,2.0,1.0,False
69,7324,24.0,1.0,20.0,2.0,5400.0,35.0,2.0,40.0,1.0,1.0,False
70,7325,39.0,2.0,19.0,1.0,4020.0,35.0,2.0,25.0,2.0,2.0,False
71,7326,94.0,6.0,23.0,1.0,2100.0,34.0,0.0,45.0,1.0,1.0,True
72,7327,53.0,6.0,16.0,1.0,205.0,35.0,0.0,45.0,1.0,2.0,False
73,7328,42.0,1.0,12.0,2.0,20.0,303.0,11.0,40.0,2.0,1.0,True
74,7329,53.0,1.0,18.0,1.0,2861.0,303.0,0.0,40.0,1.0,1.0,False
75,7330,54.0,2.0,20.0,2.0,4720.0,39.0,0.0,20.0,2.0,1.0,False
76,7331,39.0,1.0,20.0,1.0,5350.0,35.0,0.0,32.0,1.0,2.0,False
77,7332,38.0,6.0,9.0,2.0,6230.0,303.0,0.0,40.0,1.0,2.0,False
78,7333,26.0,1.0,22.0,2.0,1360.0,35.0,0.0,44.0,1.0,1.0,True
79,7334,25.0,1.0,16.0,2.0,20.0,35.0,13.0,40.0,1.0,1.0,False
80,7335,37.0,6.0,16.0,2.0,6260.0,35.0,0.0,25.0,1.0,1.0,False
81,7336,38.0,5.0,19.0,2.0,3550.0,35.0,0.0,45.0,1.0,1.0,False
82,7337,53.0,4.0,21.0,2.0,5740.0,41.0,0.0,30.0,2.0,1.0,False
83,7338,52.0,1.0,16.0,2.0,5860.0,35.0,13.0,40.0,2.0,2.0,False
84,7339,32.0,1.0,21.0,2.0,2350.0,35.0,0.0,22.0,1.0,1.0,False
85,7340,20.0,1.0,20.0,2.0,4010.0,22.0,2.0,40.0,2.0,1.0,False
86,7341,47.0,6.0,21.0,1.0,4700.0,49.0,0.0,50.0,1.0,1.0,False
87,7342,37.0,8.0,19.0,2.0,136.0,28.0,0.0,45.0,1.0,1.0,False
88,7343,27.0,5.0,21.0,1.0,1610.0,45.0,1.0,40.0,1.0,1.0,False
89,7344,42.0,4.0,22.0,1.0,2310.0,35.0,0.0,38.0,1.0,1.0,True
90,7345,63.0,2.0,18.0,2.0,3602.0,35.0,0.0,84.0,2.0,1.0,False
91,7346,33.0,1.0,16.0,2.0,6260.0,35.0,12.0,50.0,1.0,1.0,False
92,7347,45.0,1.0,17.0,1.0,4020.0,35.0,0.0,32.0,1.0,2.0,False
93,7348,69.0,1.0,16.0,1.0,6200.0,35.0,0.0,40.0,1.0,2.0,False
94,7349,27.0,1.0,19.0,2.0,3421.0,35.0,2.0,40.0,1.0,1.0,False
95,7350,44.0,1.0,17.0,1.0,1555.0,35.0,1.0,40.0,1.0,1.0,True
96,7351,51.0,1.0,16.0,2.0,6200.0,35.0,0.0,40.0,1.0,1.0,True
97,7352,65.0,1.0,17.0,2.0,9130.0,48.0,0.0,40.0,1.0,1.0,False
98,7353,35.0,2.0,21.0,1.0,2825.0,29.0,1.0,40.0,2.0,1.0,True
99,7354,67.0,3.0,16.0,1.0,9720.0,35.0,0.0,40.0,1.0,2.0,False
100,7355,62.0,4.0,24.0,1.0,230.0,35.0,0.0,55.0,1.0,1.0,True
101,7356,45.0,1.0,21.0,1.0,5860.0,27.0,2.0,25.0,2.0,1.0,False
102,7357,19.0,1.0,19.0,2.0,4720.0,48.0,17.0,24.0,2.0,1.0,False
103,7358,29.0,1.0,20.0,1.0,3602.0,8.0,0.0,20.0,2.0,1.0,False
104,7359,37.0,5.0,24.0,2.0,1760.0,360.0,0.0,44.0,1.0,1.0,True
105,7360,68.0,7.0,22.0,2.0,4700.0,449.0,0.0,40.0,2.0,2.0,True
106,7361,62.0,1.0,21.0,1.0,1010.0,35.0,0.0,40.0,1.0,1.0,True
107,7362,43.0,3.0,18.0,1.0,230.0,35.0,0.0,40.0,2.0,1.0,True
108,7363,42.0,4.0,22.0,1.0,2320.0,35.0,2.0,40.0,1.0,2.0,False
109,7364,62.0,8.0,20.0,1.0,6050.0,6.0,1.0,40.0,1.0,1.0,True
110,7365,50.0,1.0,12.0,1.0,4220.0,303.0,1.0,4.0,2.0,1.0,False
111,7366,40.0,6.0,20.0,2.0,6330.0,35.0,2.0,45.0,1.0,1.0,False
112,7367,28.0,1.0,18.0,2.0,3602.0,35.0,0.0,10.0,2.0,2.0,False
113,7368,32.0,5.0,12.0,2.0,5740.0,35.0,7.0,40.0,2.0,2.0,False
114,7369,32.0,2.0,21.0,1.0,4220.0,27.0,1.0,40.0,1.0,1.0,False
115,7370,31.0,1.0,19.0,1.0,4850.0,8.0,1.0,40.0,2.0,1.0,False
116,7371,37.0,1.0,20.0,2.0,7750.0,4.0,2.0,40.0,2.0,2.0,False
117,7372,62.0,3.0,19.0,2.0,2545.0,4.0,0.0,35.0,2.0,2.0,False
118,7373,29.0,1.0,16.0,2.0,1021.0,35.0,7.0,40.0,1.0,2.0,False
119,7374,60.0,1.0,16.0,1.0,650.0,6.0,1.0,40.0,2.0,1.0,True
120,7375,59.0,1.0,20.0,2.0,4700.0,36.0,0.0,38.0,1.0,1.0,False
121,7376,42.0,1.0,16.0,2.0,4030.0,35.0,10.0,40.0,1.0,2.0,False
122,7377,68.0,1.0,19.0,1.0,440.0,25.0,0.0,40.0,1.0,1.0,True
123,7378,56.0,5.0,18.0,2.0,136.0,48.0,0.0,40.0,2.0,1.0,True
124,7379,47.0,2.0,14.0,1.0,3602.0,35.0,0.0,30.0,2.0,2.0,False
125,7380,20.0,1.0,19.0,2.0,4030.0,35.0,2.0,20.0,1.0,1.0,False
126,7381,31.0,1.0,18.0,2.0,4110.0,35.0,2.0,30.0,2.0,2.0,False
127,7382,37.0,1.0,14.0,1.0,4030.0,35.0,0.0,40.0,2.0,2.0,False
128,7383,34.0,1.0,20.0,1.0,5860.0,35.0,0.0,40.0,2.0,2.0,False
129,7384,52.0,3.0,18.0,1.0,440.0,35.0,0.0,40.0,2.0,1.0,False
130,7385,78.0,1.0,13.0,2.0,3602.0,35.0,0.0,32.0,2.0,1.0,False
131,7386,36.0,7.0,9.0,1.0,4230.0,303.0,0.0,20.0,2.0,1.0,False
132,7387,39.0,1.0,21.0,2.0,1050.0,35.0,0.0,43.0,2.0,1.0,False
133,7388,60.0,1.0,16.0,1.0,9130.0,35.0,1.0,50.0,1.0,1.0,False
134,7389,48.0,1.0,22.0,2.0,3255.0,35.0,0.0,90.0,2.0,1.0,True
135,7390,32.0,6.0,16.0,2.0,2910.0,303.0,0.0,40.0,1.0,1.0,True
136,7391,27.0,1.0,19.0,1.0,2360.0,6.0,1.0,40.0,1.0,1.0,False
137,7392,47.0,1.0,21.0,1.0,630.0,6.0,0.0,40.0,2.0,1.0,False
138,7393,40.0,4.0,16.0,1.0,5860.0,49.0,1.0,40.0,2.0,2.0,False
139,7394,49.0,3.0,21.0,2.0,9130.0,48.0,0.0,40.0,1.0,1.0,False
140,7395,63.0,1.0,17.0,1.0,750.0,215.0,1.0,40.0,1.0,1.0,True
141,7396,53.0,4.0,16.0,2.0,4020.0,35.0,13.0,30.0,2.0,2.0,False
142,7397,63.0,6.0,21.0,1.0,4700.0,35.0,0.0,40.0,2.0,2.0,True
143,7398,20.0,1.0,16.0,2.0,4720.0,35.0,2.0,20.0,1.0,1.0,False
144,7399,40.0,4.0,22.0,1.0,2310.0,6.0,0.0,40.0,2.0,1.0,True
145,7400,63.0,6.0,16.0,1.0,6260.0,35.0,0.0,32.0,1.0,1.0,False
146,7401,44.0,1.0,18.0,1.0,8990.0,35.0,1.0,50.0,1.0,1.0,True
147,7402,70.0,6.0,20.0,2.0,2632.0,48.0,0.0,60.0,2.0,1.0,True
148,7403,31.0,1.0,13.0,2.0,4700.0,35.0,13.0,40.0,2.0,2.0,False
149,7404,52.0,2.0,17.0,2.0,9640.0,35.0,16.0,35.0,1.0,1.0,False
150,7405,42.0,6.0,19.0,1.0,7315.0,4.0,0.0,40.0,1.0,1.0,True
151,7406,34.0,1.0,21.0,1.0,1010.0,210.0,0.0,40.0,1.0,2.0,True
152,7407,34.0,5.0,20.0,1.0,7140.0,18.0,1.0,40.0,1.0,1.0,True
153,7408,25.0,1.0,21.0,2.0,705.0,30.0,0.0,45.0,1.0,1.0,True
154,7409,20.0,1.0,19.0,2.0,4030.0,35.0,17.0,40.0,1.0,1.0,False
155,7410,42.0,1.0,19.0,2.0,4020.0,35.0,16.0,30.0,1.0,2.0,False
156,7411,64.0,4.0,24.0,1.0,2205.0,210.0,1.0,80.0,1.0,2.0,True
157,7412,56.0,6.0,14.0,2.0,7150.0,35.0,0.0,40.0,1.0,1.0,False
158,7413,48.0,4.0,20.0,2.0,1105.0,35.0,0.0,40.0,1.0,1.0,True
159,7414,28.0,1.0,16.0,1.0,6305.0,32.0,0.0,40.0,1.0,2.0,False
160,7415,57.0,4.0,22.0,1.0,440.0,36.0,1.0,45.0,2.0,1.0,True
161,7416,63.0,7.0,21.0,2.0,440.0,35.0,0.0,40.0,1.0,1.0,True
162,7417,33.0,1.0,14.0,2.0,6442.0,35.0,0.0,40.0,1.0,1.0,False
163,7418,58.0,1.0,14.0,1.0,3423.0,35.0,1.0,40.0,2.0,1.0,True
164,7419,42.0,1.0,9.0,1.0,6515.0,6.0,1.0,40.0,1.0,1.0,False
165,7420,33.0,5.0,22.0,1.0,2640.0,42.0,0.0,44.0,1.0,1.0,True
166,7421,56.0,1.0,21.0,2.0,1555.0,35.0,0.0,45.0,1.0,1.0,False
167,7422,26.0,1.0,19.0,2.0,6040.0,35.0,16.0,50.0,1.0,2.0,False
168,7423,59.0,7.0,21.0,1.0,10.0,212.0,0.0,58.0,1.0,1.0,True
169,7424,28.0,1.0,17.0,2.0,5240.0,35.0,2.0,40.0,1.0,1.0,True
170,7425,27.0,1.0,21.0,2.0,1021.0,36.0,0.0,40.0,1.0,1.0,True
171,7426,59.0,4.0,16.0,2.0,6530.0,35.0,13.0,40.0,1.0,1.0,False
172,7427,32.0,1.0,21.0,2.0,310.0,35.0,2.0,40.0,1.0,1.0,False
173,7428,64.0,6.0,22.0,2.0,3602.0,17.0,0.0,50.0,2.0,1.0,False
174,7429,28.0,3.0,16.0,2.0,2545.0,35.0,2.0,40.0,1.0,2.0,False
175,7430,45.0,1.0,16.0,2.0,5400.0,35.0,13.0,32.0,2.0,1.0,False
176,7431,28.0,4.0,16.0,2.0,5120.0,35.0,13.0,30.0,2.0,1.0,False
177,7432,33.0,1.0,16.0,2.0,520.0,35.0,0.0,20.0,2.0,1.0,False
178,7433,35.0,3.0,19.0,1.0,5860.0,35.0,1.0,40.0,2.0,2.0,False
179,7434,51.0,1.0,20.0,1.0,4750.0,35.0,1.0,40.0,1.0,2.0,False
180,7435,70.0,6.0,19.0,2.0,205.0,35.0,0.0,40.0,1.0,1.0,True
181,7436,28.0,1.0,16.0,2.0,9620.0,35.0,13.0,30.0,2.0,1.0,False
182,7437,22.0,1.0,16.0,2.0,4760.0,35.0,2.0,30.0,2.0,2.0,False
183,7438,62.0,1.0,18.0,1.0,7315.0,54.0,0.0,40.0,1.0,1.0,False
184,7439,57.0,1.0,16.0,2.0,8990.0,36.0,13.0,24.0,2.0,1.0,False
185,7440,45.0,3.0,16.0,2.0,2545.0,35.0,2.0,30.0,1.0,1.0,True
186,7441,71.0,1.0,24.0,1.0,1430.0,27.0,0.0,4.0,1.0,2.0,True
187,7442,54.0,2.0,18.0,1.0,3601.0,35.0,1.0,32.0,2.0,2.0,False
188,7443,75.0,3.0,22.0,2.0,2310.0,27.0,0.0,5.0,2.0,1.0,False
189,7444,56.0,5.0,21.0,2.0,3255.0,24.0,0.0,40.0,2.0,1.0,True
190,7445,48.0,3.0,20.0,1.0,1050.0,35.0,0.0,40.0,2.0,2.0,False
191,7446,34.0,3.0,21.0,1.0,2310.0,36.0,0.0,45.0,2.0,1.0,False
192,7447,66.0,1.0,18.0,1.0,5740.0,48.0,0.0,20.0,2.0,1.0,False
193,7448,57.0,5.0,18.0,1.0,5740.0,35.0,1.0,30.0,2.0,1.0,False
194,7449,31.0,1.0,22.0,2.0,650.0,6.0,0.0,20.0,2.0,1.0,False
195,7450,47.0,2.0,21.0,1.0,5940.0,48.0,0.0,40.0,1.0,1.0,False
196,7451,44.0,1.0,20.0,1.0,3255.0,35.0,1.0,40.0,2.0,1.0,True
197,7452,56.0,1.0,16.0,2.0,9645.0,35.0,0.0,24.0,1.0,2.0,False
198,7453,40.0,1.0,19.0,1.0,440.0,48.0,0.0,60.0,1.0,2.0,True
199,7454,51.0,1.0,15.0,1.0,8750.0,35.0,0.0,40.0,1.0,2.0,False
200,7455,26.0,1.0,19.0,2.0,2004.0,303.0,2.0,12.0,2.0,1.0,False
201,7456,32.0,6.0,19.0,1.0,4600.0,35.0,9.0,32.0,2.0,2.0,False
202,7457,36.0,3.0,16.0,1.0,3421.0,35.0,0.0,40.0,2.0,2.0,False
203,7458,46.0,6.0,6.0,1.0,6330.0,303.0,6.0,40.0,1.0,1.0,False
204,7459,26.0,1.0,19.0,2.0,4055.0,35.0,16.0,40.0,2.0,1.0,False
205,7460,52.0,4.0,16.0,1.0,5740.0,35.0,1.0,40.0,2.0,1.0,False
206,7461,60.0,5.0,16.0,1.0,8030.0,35.0,1.0,40.0,1.0,1.0,True
207,7462,34.0,1.0,12.0,1.0,4020.0,303.0,12.0,40.0,2.0,2.0,False
208,7463,29.0,1.0,20.0,1.0,1970.0,18.0,1.0,9.0,2.0,1.0,False
209,7464,40.0,2.0,19.0,1.0,4220.0,35.0,0.0,40.0,2.0,1.0,False
210,7465,29.0,1.0,19.0,1.0,220.0,46.0,0.0,40.0,1.0,1.0,True
211,7466,52.0,1.0,19.0,2.0,9130.0,35.0,6.0,48.0,1.0,1.0,True
212,7467,66.0,3.0,20.0,1.0,5000.0,8.0,1.0,40.0,1.0,1.0,False
213,7468,53.0,2.0,19.0,1.0,5000.0,6.0,1.0,40.0,2.0,1.0,True
214,7469,33.0,3.0,17.0,1.0,3870.0,24.0,1.0,50.0,1.0,1.0,True
215,7470,60.0,1.0,16.0,2.0,9645.0,36.0,12.0,32.0,1.0,1.0,False
216,7471,48.0,7.0,20.0,1.0,4760.0,35.0,0.0,70.0,1.0,1.0,True
217,7472,53.0,5.0,19.0,1.0,5240.0,35.0,1.0,40.0,1.0,1.0,True
218,7473,33.0,5.0,21.0,1.0,1750.0,35.0,1.0,40.0,1.0,1.0,False
219,7474,29.0,3.0,21.0,1.0,4710.0,48.0,0.0,40.0,1.0,1.0,False
220,7475,38.0,1.0,19.0,1.0,4720.0,35.0,9.0,40.0,2.0,2.0,False
221,7476,44.0,1.0,16.0,1.0,5820.0,4.0,1.0,40.0,2.0,1.0,False
222,7477,48.0,1.0,16.0,2.0,6200.0,35.0,2.0,40.0,1.0,1.0,True
223,7478,60.0,7.0,19.0,2.0,10.0,35.0,0.0,40.0,1.0,1.0,True
224,7479,28.0,2.0,19.0,2.0,4600.0,35.0,2.0,35.0,2.0,2.0,False
225,7480,50.0,1.0,19.0,1.0,1980.0,6.0,15.0,77.0,1.0,1.0,True
226,7481,53.0,7.0,23.0,2.0,3090.0,17.0,0.0,40.0,1.0,1.0,True
227,7482,31.0,1.0,16.0,2.0,4110.0,50.0,0.0,35.0,2.0,1.0,False
228,7483,77.0,3.0,22.0,2.0,5860.0,17.0,0.0,36.0,2.0,1.0,False
229,7484,61.0,2.0,16.0,1.0,4220.0,35.0,0.0,5.0,2.0,1.0,False
230,7485,48.0,1.0,16.0,2.0,9121.0,35.0,2.0,40.0,1.0,1.0,False
231,7486,30.0,3.0,21.0,2.0,3870.0,48.0,12.0,50.0,1.0,1.0,False
232,7487,34.0,5.0,22.0,1.0,9800.0,48.0,1.0,50.0,1.0,1.0,True
233,7488,18.0,1.0,18.0,2.0,4110.0,48.0,17.0,20.0,2.0,1.0,False
234,7489,27.0,5.0,21.0,2.0,9030.0,51.0,0.0,46.0,2.0,1.0,True
235,7490,31.0,1.0,16.0,2.0,520.0,35.0,0.0,40.0,1.0,2.0,False
236,7491,58.0,1.0,19.0,2.0,540.0,17.0,0.0,40.0,2.0,2.0,False
237,7492,48.0,3.0,20.0,1.0,1970.0,4.0,1.0,40.0,1.0,2.0,True
238,7493,58.0,3.0,18.0,2.0,3602.0,35.0,0.0,40.0,2.0,1.0,False
239,7494,28.0,1.0,13.0,2.0,7200.0,35.0,0.0,40.0,1.0,2.0,False
240,7495,53.0,1.0,19.0,1.0,20.0,21.0,0.0,40.0,2.0,1.0,True
241,7496,35.0,1.0,16.0,1.0,4700.0,48.0,1.0,40.0,1.0,2.0,True
242,7497,50.0,3.0,22.0,1.0,230.0,8.0,0.0,40.0,2.0,1.0,True
243,7498,47.0,2.0,19.0,1.0,6355.0,35.0,1.0,40.0,1.0,2.0,True
244,7499,43.0,1.0,17.0,1.0,7700.0,35.0,1.0,40.0,1.0,1.0,True
245,7500,46.0,1.0,16.0,1.0,3601.0,12.0,1.0,20.0,2.0,1.0,False
246,7501,44.0,1.0,10.0,1.0,4230.0,303.0,1.0,40.0,2.0,2.0,False
247,7502,22.0,1.0,16.0,2.0,4220.0,49.0,17.0,40.0,1.0,1.0,False
248,7503,29.0,1.0,16.0,2.0,3640.0,35.0,13.0,40.0,2.0,1.0,False
249,7504,56.0,5.0,18.0,1.0,4840.0,48.0,0.0,45.0,2.0,1.0,True
250,7505,23.0,1.0,16.0,1.0,3930.0,35.0,9.0,40.0,1.0,1.0,False
251,7506,53.0,1.0,18.0,1.0,220.0,35.0,0.0,50.0,1.0,1.0,True
252,7507,25.0,1.0,16.0,1.0,9620.0,35.0,16.0,50.0,1.0,2.0,False
253,7508,54.0,1.0,17.0,2.0,3602.0,303.0,0.0,25.0,2.0,1.0,False
254,7509,60.0,7.0,12.0,1.0,710.0,6.0,1.0,80.0,1.0,1.0,False
255,7510,36.0,1.0,16.0,1.0,5000.0,35.0,1.0,40.0,2.0,1.0,False
256,7511,30.0,1.0,16.0,2.0,3930.0,35.0,2.0,40.0,1.0,1.0,False
257,7512,17.0,1.0,14.0,2.0,4020.0,35.0,16.0,40.0,1.0,2.0,False
258,7513,49.0,1.0,16.0,1.0,7750.0,247.0,1.0,40.0,1.0,2.0,True
259,7514,32.0,1.0,17.0,1.0,705.0,39.0,0.0,43.0,1.0,1.0,False
260,7515,68.0,7.0,23.0,1.0,2100.0,35.0,0.0,35.0,1.0,1.0,True
261,7516,58.0,7.0,16.0,1.0,4510.0,303.0,1.0,12.0,2.0,1.0,False
262,7517,44.0,5.0,22.0,2.0,2360.0,35.0,2.0,40.0,2.0,2.0,False
263,7518,63.0,1.0,19.0,1.0,565.0,16.0,0.0,40.0,2.0,1.0,True
264,7519,17.0,1.0,14.0,2.0,4030.0,35.0,5.0,20.0,1.0,1.0,False
265,7520,31.0,1.0,16.0,2.0,4020.0,35.0,2.0,40.0,2.0,2.0,False
266,7521,50.0,1.0,19.0,1.0,4510.0,4.0,0.0,20.0,2.0,2.0,False
267,7522,18.0,1.0,13.0,2.0,4020.0,35.0,7.0,20.0,1.0,1.0,False
268,7523,56.0,1.0,20.0,1.0,5740.0,303.0,0.0,40.0,2.0,2.0,False
269,7524,53.0,3.0,16.0,1.0,2360.0,35.0,0.0,44.0,1.0,1.0,True
270,7525,53.0,1.0,9.0,1.0,4220.0,303.0,0.0,40.0,1.0,1.0,False
271,7526,45.0,5.0,10.0,1.0,5000.0,303.0,1.0,40.0,2.0,1.0,True
272,7527,56.0,1.0,20.0,1.0,3255.0,35.0,1.0,40.0,1.0,1.0,True
273,7528,58.0,1.0,9.0,1.0,6260.0,303.0,0.0,35.0,1.0,1.0,False
274,7529,26.0,1.0,16.0,2.0,4130.0,35.0,0.0,40.0,1.0,2.0,False
275,7530,39.0,7.0,16.0,1.0,6330.0,35.0,1.0,35.0,1.0,1.0,False
276,7531,22.0,1.0,16.0,2.0,4760.0,303.0,7.0,40.0,1.0,1.0,False
277,7532,45.0,1.0,20.0,2.0,2633.0,6.0,0.0,32.0,2.0,1.0,False
278,7533,33.0,1.0,19.0,1.0,7330.0,17.0,1.0,40.0,1.0,1.0,True
279,7534,59.0,1.0,20.0,1.0,1460.0,6.0,0.0,40.0,1.0,1.0,True
280,7535,53.0,5.0,19.0,2.0,4230.0,35.0,0.0,40.0,1.0,2.0,False
281,7536,68.0,1.0,19.0,2.0,5400.0,36.0,0.0,15.0,1.0,1.0,False
282,7537,43.0,1.0,20.0,1.0,800.0,48.0,1.0,40.0,2.0,1.0,True
283,7538,30.0,1.0,20.0,1.0,5860.0,38.0,0.0,12.0,2.0,1.0,False
284,7539,27.0,1.0,16.0,2.0,9650.0,35.0,0.0,70.0,1.0,1.0,False
285,7540,52.0,4.0,16.0,2.0,2014.0,35.0,0.0,40.0,2.0,2.0,True
286,7541,58.0,1.0,18.0,2.0,4600.0,35.0,0.0,25.0,2.0,2.0,False
287,7542,62.0,6.0,22.0,1.0,3010.0,17.0,1.0,24.0,1.0,1.0,True
288,7543,40.0,1.0,14.0,2.0,4850.0,35.0,2.0,40.0,2.0,2.0,False
289,7544,49.0,1.0,11.0,2.0,4230.0,6.0,13.0,40.0,2.0,2.0,False
290,7545,39.0,1.0,19.0,2.0,3602.0,4.0,2.0,15.0,2.0,2.0,False
291,7546,42.0,1.0,22.0,2.0,1305.0,42.0,0.0,50.0,2.0,1.0,True
292,7547,57.0,1.0,22.0,1.0,350.0,35.0,1.0,70.0,1.0,1.0,True
293,7548,43.0,4.0,24.0,2.0,2310.0,55.0,0.0,40.0,2.0,1.0,True
294,7549,66.0,3.0,21.0,2.0,440.0,35.0,2.0,25.0,2.0,2.0,False
295,7550,59.0,1.0,16.0,2.0,6305.0,35.0,13.0,40.0,1.0,1.0,False
296,7551,39.0,6.0,20.0,2.0,4700.0,35.0,2.0,45.0,1.0,2.0,True
297,7552,57.0,4.0,14.0,1.0,9122.0,35.0,1.0,20.0,2.0,2.0,False
298,7553,42.0,1.0,21.0,1.0,750.0,35.0,0.0,40.0,2.0,1.0,True
299,7554,39.0,1.0,21.0,2.0,705.0,35.0,0.0,40.0,2.0,1.0,True
300,7555,56.0,5.0,21.0,1.0,5240.0,53.0,0.0,40.0,1.0,1.0,False
301,7556,32.0,1.0,19.0,2.0,9130.0,35.0,0.0,70.0,1.0,1.0,True
302,7557,35.0,1.0,13.0,2.0,4020.0,303.0,0.0,40.0,2.0,1.0,False
303,7558,24.0,1.0,21.0,2.0,4030.0,35.0,2.0,30.0,2.0,1.0,False
304,7559,53.0,4.0,22.0,1.0,230.0,35.0,0.0,50.0,1.0,1.0,True
305,7560,55.0,6.0,18.0,1.0,8750.0,48.0,1.0,40.0,1.0,1.0,False
306,7561,34.0,1.0,16.0,2.0,9130.0,35.0,2.0,40.0,1.0,2.0,False
307,7562,38.0,4.0,22.0,1.0,230.0,41.0,0.0,40.0,2.0,1.0,False
308,7563,75.0,2.0,22.0,1.0,2360.0,25.0,0.0,4.0,1.0,1.0,True
309,7564,42.0,6.0,13.0,1.0,4220.0,35.0,0.0,16.0,2.0,1.0,False
310,7565,41.0,1.0,17.0,2.0,4655.0,35.0,0.0,20.0,2.0,1.0,False
311,7566,37.0,3.0,16.0,2.0,1108.0,8.0,5.0,40.0,1.0,1.0,False
312,7567,36.0,6.0,16.0,1.0,4500.0,35.0,0.0,40.0,1.0,1.0,False
313,7568,65.0,6.0,9.0,1.0,9620.0,303.0,0.0,29.0,1.0,1.0,False
314,7569,48.0,5.0,19.0,1.0,440.0,35.0,0.0,40.0,2.0,1.0,True
315,7570,31.0,4.0,16.0,1.0,3740.0,27.0,2.0,40.0,1.0,1.0,True
316,7571,39.0,1.0,17.0,1.0,4700.0,48.0,1.0,40.0,2.0,1.0,False
317,7572,32.0,1.0,16.0,2.0,4600.0,35.0,2.0,40.0,2.0,2.0,False
318,7573,42.0,3.0,20.0,2.0,3750.0,35.0,0.0,40.0,1.0,2.0,False
319,7574,24.0,1.0,21.0,2.0,2400.0,28.0,13.0,20.0,2.0,1.0,False
320,7575,40.0,3.0,16.0,2.0,5220.0,35.0,0.0,40.0,2.0,2.0,False
321,7576,28.0,1.0,16.0,1.0,4020.0,4.0,0.0,25.0,2.0,1.0,False
322,7577,36.0,1.0,20.0,2.0,136.0,35.0,13.0,40.0,2.0,2.0,False
323,7578,28.0,1.0,16.0,2.0,4720.0,35.0,0.0,40.0,1.0,2.0,False
324,7579,32.0,5.0,22.0,1.0,9800.0,20.0,0.0,85.0,1.0,1.0,True
325,7580,44.0,1.0,16.0,1.0,9130.0,8.0,1.0,36.0,1.0,1.0,False
326,7581,62.0,1.0,21.0,1.0,4920.0,35.0,0.0,48.0,1.0,1.0,True
327,7582,62.0,6.0,19.0,1.0,205.0,35.0,0.0,84.0,1.0,1.0,False
328,7583,50.0,1.0,21.0,1.0,440.0,126.0,1.0,40.0,1.0,1.0,True
329,7584,41.0,1.0,19.0,2.0,5240.0,35.0,0.0,35.0,2.0,2.0,False
330,7585,24.0,5.0,19.0,2.0,7140.0,6.0,0.0,50.0,1.0,2.0,False
331,7586,43.0,3.0,16.0,2.0,5740.0,364.0,0.0,40.0,2.0,1.0,False
332,7587,37.0,1.0,20.0,1.0,7340.0,48.0,1.0,40.0,1.0,1.0,True
333,7588,34.0,2.0,16.0,2.0,8640.0,35.0,0.0,40.0,1.0,1.0,False
334,7589,46.0,1.0,21.0,2.0,2016.0,35.0,0.0,40.0,2.0,2.0,False
335,7590,43.0,1.0,12.0,2.0,6260.0,303.0,0.0,42.0,1.0,1.0,False
336,7591,24.0,1.0,16.0,2.0,4720.0,35.0,2.0,20.0,2.0,1.0,False
337,7592,35.0,1.0,22.0,1.0,3245.0,210.0,0.0,40.0,1.0,2.0,True
338,7593,30.0,3.0,20.0,1.0,6730.0,35.0,1.0,40.0,1.0,1.0,False
339,7594,37.0,1.0,19.0,1.0,7210.0,48.0,1.0,75.0,1.0,1.0,True
340,7595,41.0,1.0,16.0,1.0,205.0,303.0,0.0,9.0,1.0,1.0,False
341,7596,64.0,3.0,16.0,2.0,4220.0,35.0,6.0,40.0,1.0,2.0,False
342,7597,53.0,1.0,16.0,2.0,5160.0,6.0,2.0,40.0,1.0,1.0,False
343,7598,18.0,1.0,13.0,2.0,4030.0,35.0,2.0,12.0,2.0,1.0,False
344,7599,53.0,1.0,21.0,1.0,1530.0,35.0,0.0,45.0,1.0,2.0,True
345,7600,51.0,1.0,17.0,1.0,1551.0,247.0,0.0,50.0,1.0,2.0,False
346,7601,48.0,2.0,16.0,1.0,3603.0,4.0,0.0,40.0,2.0,2.0,False
347,7602,27.0,1.0,16.0,2.0,5400.0,35.0,0.0,20.0,2.0,1.0,False
348,7603,25.0,1.0,21.0,2.0,4600.0,35.0,2.0,40.0,2.0,1.0,False
349,7604,22.0,1.0,20.0,2.0,4055.0,35.0,0.0,40.0,1.0,2.0,False
350,7605,61.0,2.0,16.0,1.0,5000.0,35.0,0.0,36.0,2.0,1.0,False
351,7606,48.0,1.0,19.0,1.0,310.0,36.0,1.0,45.0,2.0,1.0,False
352,7607,60.0,5.0,21.0,1.0,820.0,35.0,1.0,40.0,2.0,1.0,True
353,7608,68.0,3.0,21.0,2.0,2320.0,26.0,0.0,12.0,2.0,1.0,False
354,7609,70.0,6.0,20.0,2.0,6442.0,303.0,0.0,30.0,1.0,1.0,False
355,7610,62.0,1.0,24.0,1.0,1760.0,17.0,1.0,40.0,1.0,1.0,True
356,7611,59.0,1.0,16.0,1.0,2145.0,35.0,0.0,20.0,2.0,1.0,False
357,7612,73.0,2.0,16.0,1.0,4251.0,35.0,0.0,25.0,1.0,2.0,False
358,7613,61.0,2.0,22.0,2.0,1760.0,36.0,0.0,50.0,1.0,1.0,True
359,7614,54.0,1.0,16.0,1.0,9645.0,303.0,1.0,30.0,1.0,1.0,False
360,7615,22.0,5.0,19.0,2.0,7140.0,4.0,17.0,45.0,2.0,1.0,False
361,7616,60.0,6.0,19.0,1.0,6260.0,35.0,0.0,40.0,1.0,1.0,False
362,7617,61.0,5.0,13.0,2.0,4000.0,35.0,0.0,40.0,2.0,2.0,False
363,7618,41.0,1.0,16.0,2.0,3421.0,35.0,12.0,40.0,1.0,1.0,False
364,7619,39.0,3.0,21.0,2.0,800.0,35.0,2.0,46.0,2.0,1.0,False
365,7620,50.0,1.0,19.0,2.0,2300.0,53.0,0.0,40.0,2.0,1.0,False
366,7621,26.0,2.0,21.0,2.0,2205.0,6.0,13.0,40.0,1.0,1.0,False
367,7622,51.0,4.0,19.0,1.0,3603.0,35.0,1.0,45.0,2.0,1.0,False
368,7623,49.0,1.0,13.0,2.0,440.0,35.0,0.0,55.0,1.0,1.0,True
369,7624,41.0,3.0,16.0,2.0,5740.0,303.0,2.0,16.0,2.0,1.0,False
370,7625,28.0,5.0,20.0,1.0,9830.0,66.0,0.0,50.0,1.0,2.0,False
371,7626,52.0,1.0,19.0,1.0,5860.0,4.0,1.0,40.0,2.0,1.0,False
372,7627,44.0,4.0,16.0,1.0,120.0,35.0,0.0,40.0,2.0,1.0,False
373,7628,46.0,6.0,18.0,2.0,8750.0,35.0,5.0,30.0,2.0,2.0,False
374,7629,40.0,2.0,19.0,1.0,5400.0,6.0,1.0,35.0,2.0,1.0,False
375,7630,71.0,4.0,22.0,2.0,1760.0,34.0,0.0,40.0,1.0,1.0,False
376,7631,39.0,4.0,21.0,2.0,2310.0,35.0,0.0,44.0,2.0,1.0,False
377,7632,21.0,3.0,16.0,2.0,1010.0,5.0,17.0,15.0,2.0,2.0,False
378,7633,26.0,1.0,19.0,2.0,3602.0,35.0,16.0,40.0,2.0,2.0,False
379,7634,35.0,6.0,20.0,2.0,205.0,35.0,2.0,35.0,1.0,1.0,False
380,7635,47.0,3.0,21.0,1.0,3750.0,1.0,1.0,50.0,1.0,1.0,True
381,7636,60.0,1.0,18.0,1.0,4700.0,20.0,1.0,40.0,2.0,2.0,False
382,7637,68.0,1.0,18.0,1.0,4720.0,18.0,0.0,40.0,1.0,1.0,True
383,7638,32.0,5.0,20.0,1.0,9810.0,53.0,0.0,45.0,1.0,1.0,False
384,7639,41.0,4.0,18.0,2.0,4220.0,35.0,2.0,40.0,2.0,1.0,False
385,7640,20.0,1.0,19.0,2.0,4760.0,48.0,0.0,24.0,2.0,1.0,False
386,7641,24.0,1.0,21.0,1.0,2205.0,35.0,0.0,13.0,1.0,1.0,False
387,7642,47.0,2.0,16.0,2.0,9620.0,6.0,2.0,6.0,1.0,1.0,False
388,7643,29.0,1.0,13.0,2.0,3655.0,303.0,0.0,40.0,2.0,2.0,False
389,7644,48.0,1.0,21.0,1.0,3255.0,35.0,0.0,40.0,1.0,1.0,True
390,7645,43.0,3.0,16.0,1.0,3820.0,35.0,1.0,40.0,1.0,1.0,True
391,7646,55.0,1.0,21.0,1.0,4920.0,4.0,0.0,45.0,2.0,1.0,True
392,7647,61.0,1.0,16.0,2.0,20.0,35.0,0.0,40.0,1.0,2.0,False
393,7648,57.0,4.0,19.0,2.0,2545.0,35.0,11.0,40.0,2.0,1.0,False
394,7649,52.0,8.0,22.0,1.0,6050.0,35.0,1.0,20.0,2.0,1.0,False
395,7650,19.0,1.0,18.0,2.0,4720.0,35.0,17.0,35.0,2.0,1.0,False
396,7651,32.0,7.0,18.0,1.0,6200.0,35.0,1.0,40.0,1.0,1.0,True
397,7652,49.0,1.0,24.0,1.0,705.0,26.0,0.0,40.0,1.0,1.0,True
398,7653,53.0,1.0,20.0,1.0,5860.0,35.0,1.0,40.0,2.0,1.0,False
399,7654,34.0,1.0,16.0,2.0,7260.0,35.0,2.0,40.0,1.0,1.0,False
400,7655,62.0,1.0,18.0,1.0,160.0,35.0,1.0,40.0,1.0,1.0,True
401,7656,64.0,4.0,16.0,1.0,3603.0,22.0,0.0,35.0,2.0,2.0,False
402,7657,39.0,5.0,16.0,2.0,136.0,35.0,0.0,15.0,1.0,2.0,False
403,7658,58.0,1.0,16.0,2.0,4750.0,35.0,0.0,40.0,1.0,1.0,False
404,7659,49.0,1.0,16.0,1.0,4720.0,6.0,0.0,38.0,2.0,1.0,False
405,7660,20.0,1.0,16.0,2.0,9365.0,35.0,13.0,40.0,1.0,1.0,False
406,7661,58.0,3.0,19.0,1.0,3550.0,35.0,0.0,40.0,2.0,2.0,False
407,7662,57.0,3.0,13.0,1.0,4200.0,303.0,0.0,40.0,1.0,2.0,False
408,7663,39.0,1.0,14.0,2.0,3602.0,35.0,2.0,25.0,1.0,2.0,False
409,7664,40.0,1.0,19.0,2.0,310.0,48.0,12.0,40.0,1.0,2.0,False
410,7665,22.0,1.0,16.0,2.0,4760.0,35.0,15.0,8.0,1.0,1.0,False
411,7666,55.0,1.0,16.0,1.0,4720.0,35.0,1.0,19.0,2.0,1.0,True
412,7667,53.0,1.0,1.0,2.0,5740.0,35.0,2.0,40.0,2.0,2.0,False
413,7668,39.0,3.0,21.0,2.0,2014.0,35.0,0.0,40.0,2.0,2.0,False
414,7669,48.0,1.0,21.0,1.0,3620.0,26.0,0.0,32.0,2.0,1.0,False
415,7670,47.0,1.0,19.0,2.0,20.0,8.0,0.0,50.0,2.0,1.0,False
416,7671,43.0,7.0,21.0,1.0,440.0,35.0,0.0,45.0,1.0,1.0,True
417,7672,66.0,1.0,21.0,1.0,1430.0,48.0,1.0,50.0,1.0,1.0,True
418,7673,52.0,3.0,22.0,1.0,2310.0,4.0,1.0,50.0,2.0,1.0,True
419,7674,44.0,1.0,14.0,1.0,4435.0,35.0,0.0,40.0,1.0,2.0,False
420,7675,36.0,1.0,13.0,1.0,2300.0,35.0,1.0,40.0,2.0,1.0,False
421,7676,43.0,1.0,13.0,2.0,4140.0,303.0,5.0,40.0,1.0,2.0,False
422,7677,43.0,5.0,16.0,1.0,3710.0,5.0,0.0,45.0,1.0,1.0,True
423,7678,21.0,1.0,16.0,2.0,6950.0,48.0,17.0,50.0,1.0,1.0,False
424,7679,49.0,1.0,19.0,2.0,4000.0,303.0,0.0,40.0,2.0,1.0,False
425,7680,37.0,6.0,20.0,2.0,4510.0,35.0,0.0,30.0,2.0,1.0,False
426,7681,42.0,6.0,9.0,1.0,6515.0,303.0,1.0,40.0,1.0,1.0,False
427,7682,22.0,1.0,20.0,2.0,1006.0,35.0,2.0,40.0,1.0,1.0,False
428,7683,38.0,1.0,15.0,1.0,4710.0,6.0,0.0,45.0,1.0,1.0,False
429,7684,31.0,1.0,14.0,1.0,3655.0,6.0,1.0,16.0,1.0,1.0,False
430,7685,24.0,2.0,14.0,2.0,6260.0,35.0,16.0,40.0,1.0,1.0,False
431,7686,31.0,1.0,15.0,2.0,6230.0,35.0,0.0,40.0,1.0,1.0,False
432,7687,27.0,1.0,19.0,2.0,4130.0,35.0,0.0,35.0,2.0,2.0,False
433,7688,24.0,8.0,16.0,2.0,4255.0,35.0,2.0,3.0,1.0,1.0,False
434,7689,37.0,3.0,21.0,1.0,1108.0,35.0,0.0,40.0,1.0,1.0,True
435,7690,58.0,1.0,17.0,1.0,6850.0,35.0,0.0,44.0,1.0,1.0,True
436,7691,55.0,5.0,18.0,1.0,630.0,35.0,1.0,40.0,2.0,2.0,True
437,7692,62.0,1.0,16.0,2.0,5522.0,35.0,2.0,40.0,1.0,1.0,False
438,7693,22.0,1.0,19.0,2.0,5160.0,6.0,4.0,30.0,2.0,1.0,False
439,7694,82.0,6.0,18.0,2.0,2910.0,36.0,0.0,35.0,2.0,1.0,True
440,7695,60.0,1.0,23.0,1.0,2100.0,36.0,0.0,38.0,1.0,1.0,True
441,7696,50.0,1.0,15.0,1.0,6442.0,35.0,0.0,40.0,1.0,1.0,True
442,7697,59.0,1.0,16.0,1.0,9005.0,35.0,1.0,40.0,1.0,2.0,False
443,7698,38.0,6.0,19.0,1.0,4600.0,35.0,1.0,32.0,2.0,1.0,False
444,7699,28.0,1.0,19.0,1.0,205.0,35.0,0.0,60.0,1.0,1.0,True
445,7700,78.0,1.0,21.0,1.0,4760.0,35.0,0.0,15.0,1.0,1.0,False
446,7701,19.0,1.0,19.0,2.0,2016.0,35.0,2.0,20.0,2.0,1.0,False
447,7702,36.0,3.0,14.0,1.0,4530.0,6.0,16.0,12.0,1.0,1.0,False
448,7703,22.0,1.0,16.0,2.0,4020.0,35.0,0.0,40.0,1.0,2.0,False
449,7704,37.0,2.0,21.0,2.0,2014.0,35.0,2.0,40.0,2.0,1.0,False
450,7705,39.0,1.0,13.0,2.0,4700.0,35.0,0.0,48.0,1.0,1.0,False
451,7706,31.0,1.0,16.0,2.0,8630.0,35.0,0.0,48.0,1.0,1.0,True
452,7707,26.0,1.0,16.0,2.0,3930.0,35.0,2.0,40.0,1.0,2.0,False
453,7708,37.0,1.0,16.0,1.0,20.0,35.0,1.0,40.0,2.0,1.0,False
454,7709,33.0,1.0,16.0,1.0,1460.0,303.0,15.0,40.0,1.0,1.0,False
455,7710,26.0,4.0,21.0,2.0,1800.0,35.0,0.0,40.0,1.0,1.0,True
456,7711,22.0,3.0,19.0,2.0,2016.0,35.0,0.0,40.0,2.0,2.0,False
457,7712,26.0,1.0,20.0,2.0,9620.0,35.0,13.0,40.0,1.0,2.0,False
458,7713,34.0,3.0,22.0,2.0,5600.0,42.0,0.0,40.0,2.0,1.0,False
459,7714,36.0,1.0,20.0,1.0,4010.0,35.0,1.0,40.0,2.0,2.0,False
460,7715,25.0,1.0,16.0,2.0,4720.0,48.0,16.0,40.0,2.0,2.0,False
461,7716,36.0,4.0,20.0,2.0,3801.0,35.0,0.0,40.0,1.0,1.0,False
462,7717,60.0,7.0,19.0,1.0,6260.0,35.0,0.0,40.0,1.0,1.0,False
463,7718,25.0,1.0,16.0,2.0,4720.0,35.0,0.0,30.0,2.0,2.0,False
464,7719,34.0,3.0,19.0,2.0,335.0,35.0,0.0,40.0,2.0,2.0,False
465,7720,32.0,1.0,19.0,1.0,1430.0,303.0,0.0,60.0,1.0,1.0,True
466,7721,19.0,1.0,18.0,1.0,3500.0,35.0,9.0,30.0,2.0,1.0,False
467,7722,44.0,2.0,18.0,1.0,5860.0,35.0,0.0,45.0,2.0,1.0,False
468,7723,52.0,2.0,17.0,2.0,9640.0,35.0,16.0,35.0,1.0,1.0,False
469,7724,58.0,1.0,18.0,2.0,4700.0,8.0,13.0,40.0,2.0,1.0,True
470,7725,54.0,1.0,16.0,2.0,9645.0,303.0,13.0,40.0,2.0,1.0,False
471,7726,43.0,1.0,21.0,1.0,5120.0,35.0,0.0,40.0,2.0,1.0,False
472,7727,69.0,6.0,18.0,2.0,3515.0,48.0,0.0,20.0,2.0,1.0,False
473,7728,54.0,6.0,16.0,1.0,4600.0,35.0,9.0,32.0,2.0,2.0,False
474,7729,34.0,1.0,14.0,2.0,4251.0,35.0,2.0,40.0,1.0,2.0,False
475,7730,64.0,6.0,13.0,1.0,9620.0,35.0,0.0,25.0,1.0,2.0,False
476,7731,57.0,3.0,21.0,1.0,750.0,35.0,0.0,45.0,1.0,2.0,True
477,7732,35.0,2.0,24.0,1.0,3090.0,12.0,0.0,40.0,1.0,1.0,True
478,7733,26.0,1.0,19.0,2.0,5240.0,35.0,0.0,25.0,2.0,2.0,False
479,7734,39.0,1.0,19.0,2.0,4251.0,35.0,13.0,40.0,1.0,2.0,False
480,7735,39.0,3.0,18.0,2.0,5740.0,35.0,6.0,40.0,2.0,2.0,False
481,7736,49.0,3.0,22.0,2.0,2205.0,6.0,13.0,40.0,2.0,1.0,True
482,7737,67.0,6.0,21.0,2.0,4340.0,17.0,0.0,40.0,2.0,1.0,False
483,7738,31.0,1.0,16.0,2.0,4251.0,35.0,2.0,40.0,1.0,2.0,False
484,7739,39.0,8.0,21.0,1.0,6050.0,26.0,1.0,99.0,2.0,1.0,False
485,7740,36.0,2.0,21.0,1.0,5740.0,35.0,0.0,40.0,2.0,1.0,True
486,7741,45.0,3.0,19.0,1.0,1050.0,110.0,1.0,40.0,1.0,1.0,False
487,7742,46.0,4.0,22.0,1.0,230.0,33.0,1.0,50.0,2.0,1.0,True
488,7743,64.0,6.0,21.0,2.0,2360.0,40.0,0.0,5.0,2.0,1.0,False
489,7744,46.0,1.0,19.0,1.0,120.0,35.0,15.0,40.0,2.0,1.0,False
490,7745,44.0,1.0,20.0,2.0,3255.0,35.0,0.0,30.0,2.0,1.0,False
491,7746,30.0,1.0,18.0,2.0,4040.0,4.0,2.0,40.0,1.0,2.0,False
492,7747,31.0,1.0,19.0,2.0,6355.0,35.0,0.0,40.0,1.0,1.0,False
493,7748,49.0,5.0,20.0,1.0,7020.0,27.0,1.0,40.0,1.0,1.0,True
494,7749,50.0,1.0,21.0,1.0,3910.0,35.0,1.0,40.0,1.0,1.0,True
495,7750,33.0,1.0,16.0,1.0,5400.0,35.0,0.0,40.0,2.0,1.0,False
496,7751,57.0,1.0,21.0,1.0,4760.0,35.0,0.0,40.0,1.0,1.0,False
497,7752,48.0,3.0,22.0,2.0,2205.0,17.0,0.0,40.0,2.0,1.0,True
498,7753,36.0,1.0,17.0,1.0,7200.0,35.0,0.0,40.0,1.0,1.0,False
499,7754,55.0,1.0,19.0,1.0,4710.0,6.0,0.0,42.0,2.0,1.0,False
500,7755,39.0,1.0,21.0,1.0,1360.0,6.0,0.0,40.0,1.0,2.0,True
501,7756,39.0,5.0,18.0,2.0,7210.0,35.0,0.0,40.0,1.0,2.0,True
502,7757,50.0,1.0,21.0,1.0,4700.0,35.0,1.0,40.0,2.0,1.0,False
503,7758,24.0,1.0,19.0,2.0,800.0,35.0,12.0,30.0,1.0,1.0,False
504,7759,45.0,2.0,21.0,2.0,800.0,48.0,0.0,40.0,1.0,1.0,True
505,7760,51.0,6.0,13.0,1.0,8750.0,35.0,0.0,40.0,1.0,2.0,False
506,7761,22.0,1.0,16.0,2.0,9645.0,35.0,0.0,20.0,2.0,1.0,False
507,7762,27.0,2.0,19.0,2.0,5160.0,35.0,2.0,40.0,2.0,2.0,False
508,7763,40.0,8.0,21.0,2.0,3602.0,35.0,2.0,45.0,2.0,1.0,False
509,7764,54.0,1.0,19.0,1.0,5165.0,32.0,1.0,40.0,2.0,1.0,False
510,7765,48.0,8.0,1.0,1.0,4220.0,6.0,1.0,20.0,1.0,2.0,False
511,7766,60.0,6.0,21.0,2.0,845.0,35.0,0.0,20.0,1.0,1.0,True
512,7767,51.0,3.0,20.0,1.0,6730.0,8.0,1.0,40.0,1.0,1.0,False
513,7768,83.0,6.0,21.0,1.0,4760.0,42.0,0.0,20.0,1.0,1.0,False
514,7769,34.0,5.0,21.0,1.0,1970.0,35.0,1.0,40.0,1.0,1.0,True
515,7770,33.0,1.0,15.0,2.0,9645.0,35.0,0.0,40.0,2.0,1.0,False
516,7771,63.0,1.0,5.0,1.0,4220.0,303.0,1.0,35.0,1.0,1.0,False
517,7772,23.0,1.0,19.0,2.0,1555.0,35.0,0.0,27.0,1.0,1.0,False
518,7773,36.0,2.0,19.0,1.0,2360.0,35.0,1.0,40.0,1.0,2.0,True
519,7774,65.0,1.0,19.0,2.0,5740.0,17.0,0.0,40.0,2.0,1.0,False
520,7775,55.0,1.0,21.0,1.0,4055.0,48.0,1.0,40.0,2.0,1.0,False
521,7776,60.0,2.0,22.0,1.0,5310.0,42.0,1.0,20.0,2.0,1.0,False
522,7777,35.0,6.0,17.0,1.0,2634.0,48.0,1.0,8.0,1.0,1.0,False
523,7778,23.0,5.0,21.0,1.0,2440.0,26.0,1.0,28.0,2.0,1.0,False
524,7779,48.0,2.0,21.0,1.0,2040.0,35.0,1.0,50.0,1.0,1.0,False
525,7780,35.0,1.0,18.0,2.0,4020.0,4.0,2.0,35.0,1.0,2.0,False
526,7781,55.0,6.0,14.0,1.0,4220.0,35.0,1.0,6.0,1.0,2.0,False
527,7782,51.0,1.0,16.0,1.0,7220.0,35.0,0.0,40.0,1.0,1.0,False
528,7783,40.0,6.0,18.0,1.0,4522.0,12.0,0.0,30.0,2.0,1.0,False
529,7784,32.0,4.0,21.0,2.0,2310.0,134.0,0.0,50.0,1.0,1.0,False
530,7785,66.0,4.0,22.0,1.0,2014.0,35.0,1.0,10.0,2.0,1.0,False
531,7786,62.0,1.0,17.0,1.0,4750.0,35.0,1.0,50.0,1.0,1.0,True
532,7787,29.0,5.0,21.0,2.0,440.0,6.0,0.0,55.0,1.0,1.0,True
533,7788,24.0,6.0,18.0,2.0,2910.0,35.0,4.0,50.0,2.0,1.0,False
534,7789,19.0,1.0,16.0,2.0,9620.0,37.0,4.0,15.0,2.0,1.0,False
535,7790,30.0,1.0,20.0,1.0,5000.0,303.0,1.0,40.0,2.0,1.0,False
536,7791,20.0,1.0,15.0,2.0,5160.0,35.0,2.0,26.0,1.0,1.0,False
537,7792,39.0,1.0,19.0,1.0,4020.0,35.0,0.0,40.0,1.0,2.0,False
538,7793,71.0,6.0,23.0,1.0,2100.0,36.0,1.0,15.0,2.0,1.0,True
539,7794,28.0,1.0,23.0,2.0,4820.0,35.0,0.0,40.0,1.0,1.0,True
540,7795,28.0,1.0,20.0,2.0,4655.0,6.0,5.0,10.0,1.0,1.0,False
541,7796,23.0,1.0,16.0,2.0,5860.0,35.0,0.0,14.0,2.0,1.0,False
542,7797,28.0,5.0,16.0,1.0,1720.0,35.0,3.0,40.0,2.0,1.0,True
543,7798,19.0,1.0,18.0,2.0,4720.0,6.0,17.0,60.0,2.0,2.0,False
544,7799,64.0,1.0,21.0,2.0,6230.0,35.0,0.0,40.0,1.0,1.0,False
545,7800,22.0,1.0,18.0,2.0,9620.0,35.0,4.0,20.0,2.0,1.0,False
546,7801,62.0,2.0,13.0,1.0,3602.0,35.0,8.0,40.0,2.0,2.0,True
547,7802,50.0,6.0,16.0,2.0,4230.0,303.0,10.0,20.0,2.0,1.0,False
548,7803,20.0,1.0,19.0,2.0,3601.0,35.0,2.0,30.0,2.0,1.0,False
549,7804,73.0,1.0,16.0,1.0,5240.0,6.0,1.0,20.0,2.0,1.0,False
550,7805,52.0,2.0,16.0,2.0,20.0,21.0,0.0,32.0,2.0,1.0,False
551,7806,48.0,4.0,19.0,1.0,5740.0,35.0,0.0,40.0,2.0,2.0,False
552,7807,55.0,1.0,19.0,2.0,4750.0,13.0,0.0,45.0,2.0,1.0,False
553,7808,32.0,1.0,16.0,1.0,4720.0,6.0,1.0,24.0,2.0,1.0,False
554,7809,56.0,4.0,16.0,1.0,2545.0,35.0,1.0,10.0,2.0,1.0,False
555,7810,44.0,1.0,20.0,1.0,6355.0,48.0,1.0,40.0,1.0,1.0,True
556,7811,49.0,5.0,22.0,2.0,1220.0,17.0,0.0,40.0,2.0,1.0,True
557,7812,61.0,3.0,23.0,1.0,2205.0,36.0,1.0,60.0,2.0,1.0,False
558,7813,39.0,4.0,24.0,1.0,2205.0,110.0,1.0,45.0,1.0,1.0,True
559,7814,24.0,5.0,16.0,1.0,9830.0,40.0,1.0,40.0,1.0,1.0,False
560,7815,25.0,1.0,21.0,1.0,1305.0,35.0,1.0,45.0,1.0,1.0,False
561,7816,54.0,4.0,18.0,1.0,5740.0,48.0,0.0,40.0,2.0,1.0,False
562,7817,66.0,4.0,19.0,2.0,6010.0,35.0,13.0,40.0,1.0,1.0,False
563,7818,38.0,1.0,22.0,2.0,3255.0,41.0,0.0,36.0,2.0,1.0,True
564,7819,39.0,1.0,16.0,2.0,8800.0,4.0,2.0,48.0,1.0,1.0,False
565,7820,41.0,1.0,14.0,2.0,9130.0,303.0,2.0,40.0,1.0,1.0,False
566,7821,41.0,1.0,22.0,1.0,1530.0,35.0,1.0,40.0,1.0,1.0,True
567,7822,53.0,6.0,20.0,1.0,2640.0,35.0,1.0,4.0,2.0,1.0,False
568,7823,25.0,1.0,16.0,2.0,120.0,35.0,12.0,40.0,1.0,1.0,False
569,7824,52.0,1.0,1.0,2.0,4130.0,6.0,0.0,39.0,1.0,1.0,False
570,7825,35.0,1.0,13.0,2.0,6260.0,8.0,13.0,40.0,1.0,1.0,False
571,7826,34.0,1.0,16.0,2.0,4750.0,17.0,2.0,40.0,1.0,2.0,False
572,7827,46.0,1.0,16.0,1.0,6200.0,35.0,0.0,55.0,1.0,1.0,True
573,7828,45.0,1.0,22.0,1.0,3160.0,233.0,0.0,40.0,1.0,2.0,True
574,7829,30.0,1.0,20.0,2.0,6355.0,35.0,13.0,50.0,1.0,2.0,True
575,7830,28.0,5.0,19.0,2.0,7220.0,48.0,0.0,40.0,1.0,2.0,False
576,7831,55.0,1.0,18.0,1.0,800.0,12.0,0.0,40.0,2.0,1.0,True
577,7832,22.0,1.0,19.0,2.0,3640.0,1.0,2.0,32.0,2.0,1.0,False
578,7833,49.0,6.0,1.0,1.0,4521.0,247.0,0.0,40.0,1.0,2.0,False
579,7834,70.0,3.0,21.0,2.0,2310.0,24.0,0.0,7.0,2.0,1.0,False
580,7835,30.0,1.0,16.0,1.0,4230.0,6.0,0.0,24.0,1.0,1.0,False
581,7836,57.0,1.0,19.0,1.0,6850.0,4.0,10.0,40.0,1.0,2.0,True
582,7837,50.0,4.0,22.0,1.0,2555.0,35.0,1.0,50.0,1.0,1.0,True
583,7838,42.0,1.0,22.0,2.0,1007.0,8.0,0.0,40.0,2.0,1.0,True
584,7839,63.0,1.0,20.0,1.0,1108.0,35.0,0.0,46.0,1.0,2.0,True
585,7840,62.0,1.0,20.0,1.0,3255.0,35.0,1.0,40.0,2.0,1.0,True
586,7841,54.0,1.0,16.0,1.0,120.0,35.0,1.0,40.0,1.0,2.0,False
587,7842,38.0,1.0,22.0,1.0,2300.0,4.0,1.0,35.0,2.0,1.0,False
588,7843,27.0,4.0,22.0,2.0,2205.0,51.0,12.0,20.0,2.0,1.0,False
589,7844,59.0,1.0,17.0,1.0,5120.0,35.0,1.0,40.0,2.0,1.0,False
590,7845,45.0,4.0,21.0,1.0,230.0,17.0,0.0,40.0,2.0,1.0,True
591,7846,51.0,1.0,19.0,2.0,5740.0,35.0,13.0,40.0,2.0,1.0,False
592,7847,40.0,1.0,22.0,1.0,1410.0,49.0,1.0,40.0,1.0,1.0,True
593,7848,25.0,1.0,16.0,2.0,3602.0,35.0,2.0,32.0,2.0,2.0,False
594,7849,23.0,1.0,21.0,2.0,1010.0,35.0,0.0,45.0,1.0,1.0,True
595,7850,38.0,1.0,18.0,2.0,1050.0,35.0,0.0,15.0,1.0,1.0,False
596,7851,26.0,4.0,21.0,2.0,1900.0,35.0,2.0,40.0,1.0,1.0,True
597,7852,60.0,5.0,19.0,1.0,1970.0,35.0,1.0,40.0,1.0,1.0,True
598,7853,56.0,6.0,19.0,1.0,4710.0,49.0,0.0,40.0,1.0,2.0,False
599,7854,56.0,1.0,16.0,1.0,4700.0,48.0,0.0,40.0,2.0,1.0,False
600,7855,40.0,2.0,24.0,1.0,1760.0,27.0,0.0,45.0,1.0,1.0,True
601,7856,22.0,1.0,16.0,2.0,6442.0,35.0,2.0,45.0,1.0,1.0,False
602,7857,20.0,4.0,19.0,2.0,5720.0,35.0,0.0,40.0,2.0,2.0,False
603,7858,46.0,1.0,19.0,2.0,9130.0,35.0,0.0,38.0,2.0,1.0,False
604,7859,20.0,1.0,19.0,2.0,4110.0,35.0,2.0,21.0,2.0,2.0,False
605,7860,22.0,1.0,19.0,2.0,4720.0,35.0,2.0,40.0,2.0,2.0,False
606,7861,62.0,4.0,24.0,2.0,2205.0,35.0,0.0,12.0,2.0,1.0,False
607,7862,52.0,3.0,22.0,1.0,230.0,35.0,1.0,45.0,2.0,1.0,True
608,7863,23.0,1.0,21.0,2.0,1760.0,48.0,12.0,40.0,2.0,2.0,False
609,7864,63.0,1.0,17.0,1.0,10.0,35.0,0.0,36.0,1.0,1.0,True
610,7865,29.0,1.0,21.0,2.0,4350.0,51.0,0.0,41.0,2.0,1.0,False
611,7866,21.0,1.0,16.0,2.0,310.0,48.0,2.0,50.0,2.0,1.0,False
612,7867,34.0,3.0,17.0,2.0,4251.0,35.0,16.0,12.0,1.0,1.0,False
613,7868,65.0,2.0,13.0,1.0,7200.0,35.0,1.0,40.0,1.0,1.0,False
614,7869,63.0,7.0,18.0,1.0,4700.0,36.0,1.0,50.0,2.0,1.0,True
615,7870,44.0,1.0,16.0,1.0,4710.0,303.0,0.0,40.0,1.0,1.0,False
616,7871,32.0,1.0,15.0,1.0,3602.0,35.0,1.0,29.0,2.0,1.0,False
617,7872,38.0,1.0,17.0,1.0,5120.0,35.0,0.0,32.0,2.0,1.0,False
618,7873,36.0,1.0,16.0,1.0,4150.0,35.0,1.0,40.0,2.0,1.0,False
619,7874,70.0,1.0,21.0,2.0,2310.0,18.0,0.0,30.0,2.0,1.0,True
620,7875,28.0,1.0,9.0,1.0,8500.0,314.0,1.0,40.0,1.0,2.0,False
621,7876,31.0,1.0,16.0,2.0,4020.0,35.0,2.0,38.0,1.0,1.0,False
622,7877,44.0,1.0,21.0,2.0,440.0,12.0,13.0,30.0,2.0,1.0,False
623,7878,22.0,1.0,19.0,2.0,3602.0,6.0,2.0,30.0,2.0,1.0,False
624,7879,58.0,1.0,15.0,1.0,4710.0,35.0,0.0,45.0,1.0,1.0,True
625,7880,22.0,4.0,21.0,2.0,2435.0,35.0,2.0,16.0,1.0,1.0,False
626,7881,55.0,5.0,20.0,1.0,5000.0,36.0,0.0,40.0,1.0,1.0,True
627,7882,53.0,1.0,21.0,2.0,4850.0,38.0,0.0,40.0,1.0,1.0,True
628,7883,47.0,1.0,19.0,1.0,5240.0,35.0,1.0,40.0,2.0,2.0,False
629,7884,63.0,1.0,18.0,1.0,6200.0,48.0,1.0,40.0,1.0,1.0,True
630,7885,65.0,2.0,22.0,1.0,2006.0,55.0,1.0,45.0,1.0,1.0,True
631,7886,20.0,1.0,19.0,2.0,4055.0,8.0,5.0,20.0,2.0,1.0,False
632,7887,65.0,1.0,16.0,1.0,6305.0,35.0,0.0,40.0,1.0,2.0,True
633,7888,44.0,1.0,21.0,1.0,4500.0,35.0,1.0,70.0,1.0,1.0,False
634,7889,53.0,1.0,16.0,2.0,4760.0,35.0,0.0,32.0,2.0,1.0,False
635,7890,56.0,3.0,20.0,1.0,2435.0,35.0,1.0,40.0,2.0,1.0,False
636,7891,54.0,3.0,16.0,1.0,5120.0,35.0,1.0,40.0,2.0,2.0,True
637,7892,23.0,1.0,14.0,2.0,6050.0,48.0,0.0,40.0,1.0,1.0,False
638,7893,64.0,6.0,21.0,2.0,2640.0,8.0,0.0,70.0,1.0,1.0,False
639,7894,19.0,1.0,18.0,2.0,4760.0,35.0,15.0,20.0,2.0,1.0,False
640,7895,44.0,3.0,21.0,2.0,1860.0,40.0,0.0,40.0,2.0,2.0,False
641,7896,27.0,1.0,21.0,2.0,5860.0,35.0,0.0,52.0,2.0,2.0,True
642,7897,61.0,6.0,18.0,1.0,6442.0,18.0,0.0,84.0,1.0,1.0,True
643,7898,24.0,3.0,19.0,1.0,6305.0,8.0,0.0,40.0,1.0,1.0,False
644,7899,34.0,4.0,21.0,1.0,2310.0,35.0,0.0,40.0,2.0,1.0,True
645,7900,49.0,6.0,21.0,1.0,500.0,6.0,1.0,40.0,1.0,1.0,True
646,7901,46.0,2.0,20.0,2.0,4220.0,35.0,0.0,40.0,2.0,1.0,False
647,7902,28.0,5.0,20.0,2.0,700.0,110.0,0.0,55.0,2.0,1.0,False
648,7903,54.0,1.0,19.0,2.0,4965.0,30.0,0.0,40.0,2.0,1.0,False
649,7904,44.0,1.0,22.0,1.0,300.0,30.0,0.0,40.0,1.0,1.0,True
650,7905,44.0,2.0,24.0,1.0,440.0,36.0,1.0,45.0,2.0,1.0,True
651,7906,57.0,1.0,9.0,1.0,4230.0,303.0,1.0,15.0,2.0,1.0,False
652,7907,20.0,1.0,16.0,2.0,3602.0,6.0,2.0,36.0,1.0,1.0,False
653,7908,43.0,2.0,23.0,1.0,3090.0,15.0,0.0,50.0,1.0,1.0,True
654,7909,53.0,2.0,22.0,1.0,2400.0,2.0,0.0,40.0,2.0,1.0,True
655,7910,32.0,8.0,21.0,1.0,4760.0,35.0,0.0,35.0,2.0,1.0,True
656,7911,40.0,1.0,16.0,2.0,2861.0,48.0,0.0,40.0,2.0,1.0,False
657,7912,22.0,1.0,18.0,2.0,3603.0,54.0,0.0,40.0,1.0,1.0,False
658,7913,32.0,1.0,16.0,2.0,630.0,35.0,0.0,38.0,2.0,1.0,False
659,7914,53.0,1.0,16.0,2.0,4220.0,303.0,0.0,40.0,2.0,1.0,False
660,7915,35.0,1.0,19.0,2.0,7140.0,343.0,0.0,40.0,1.0,2.0,False
661,7916,20.0,1.0,19.0,2.0,5300.0,303.0,2.0,40.0,2.0,1.0,False
662,7917,51.0,1.0,17.0,1.0,5510.0,35.0,1.0,40.0,1.0,2.0,False
663,7918,66.0,6.0,22.0,1.0,2600.0,8.0,0.0,20.0,2.0,1.0,True
664,7919,58.0,1.0,16.0,1.0,6050.0,6.0,0.0,40.0,2.0,1.0,False
665,7920,17.0,1.0,14.0,2.0,3648.0,48.0,2.0,9.0,2.0,1.0,False
666,7921,37.0,5.0,19.0,2.0,9830.0,2.0,0.0,50.0,1.0,1.0,True
667,7922,39.0,4.0,16.0,2.0,2100.0,35.0,0.0,40.0,2.0,1.0,False
668,7923,32.0,2.0,22.0,1.0,420.0,48.0,0.0,40.0,2.0,1.0,False
669,7924,60.0,1.0,22.0,1.0,120.0,36.0,0.0,80.0,1.0,1.0,True
670,7925,66.0,1.0,19.0,1.0,3640.0,35.0,1.0,30.0,2.0,2.0,False
671,7926,69.0,3.0,22.0,1.0,230.0,35.0,1.0,40.0,1.0,1.0,True
672,7927,44.0,1.0,19.0,1.0,6305.0,427.0,1.0,40.0,1.0,2.0,True
673,7928,44.0,6.0,16.0,1.0,4600.0,35.0,1.0,20.0,2.0,2.0,False
674,7929,58.0,3.0,16.0,1.0,5000.0,39.0,0.0,40.0,1.0,1.0,False
675,7930,37.0,1.0,16.0,1.0,4020.0,6.0,17.0,70.0,1.0,1.0,False
676,7931,68.0,4.0,22.0,1.0,2014.0,48.0,0.0,55.0,1.0,1.0,True
677,7932,48.0,1.0,18.0,1.0,7330.0,48.0,0.0,40.0,1.0,1.0,False
678,7933,72.0,2.0,19.0,1.0,4251.0,40.0,8.0,35.0,1.0,1.0,False
679,7934,39.0,1.0,19.0,1.0,5240.0,35.0,0.0,40.0,1.0,1.0,False
680,7935,46.0,6.0,16.0,2.0,205.0,35.0,0.0,45.0,1.0,2.0,False
681,7936,59.0,1.0,16.0,2.0,9130.0,35.0,0.0,40.0,1.0,1.0,False
682,7937,30.0,4.0,21.0,1.0,2310.0,35.0,1.0,45.0,2.0,2.0,False
683,7938,36.0,1.0,16.0,1.0,4840.0,35.0,1.0,40.0,2.0,1.0,False
684,7939,30.0,2.0,21.0,2.0,2002.0,301.0,13.0,20.0,2.0,1.0,False
685,7940,43.0,1.0,21.0,1.0,9142.0,41.0,0.0,48.0,1.0,1.0,True
686,7941,43.0,1.0,19.0,2.0,4622.0,35.0,0.0,40.0,2.0,2.0,False
687,7942,61.0,3.0,22.0,1.0,2002.0,110.0,1.0,35.0,2.0,1.0,False
688,7943,52.0,1.0,16.0,1.0,1410.0,6.0,0.0,40.0,1.0,2.0,True
689,7944,34.0,1.0,14.0,2.0,4020.0,35.0,16.0,56.0,1.0,1.0,False
690,7945,46.0,7.0,12.0,1.0,4760.0,303.0,0.0,48.0,1.0,1.0,True
691,7946,36.0,1.0,21.0,1.0,440.0,35.0,0.0,40.0,2.0,1.0,True
692,7947,35.0,3.0,16.0,2.0,7000.0,35.0,0.0,40.0,2.0,2.0,False
693,7948,37.0,1.0,21.0,2.0,3645.0,35.0,11.0,30.0,2.0,1.0,False
694,7949,53.0,3.0,21.0,1.0,2310.0,35.0,1.0,40.0,2.0,2.0,False
695,7950,34.0,6.0,19.0,2.0,4251.0,327.0,16.0,40.0,1.0,1.0,False
696,7951,51.0,3.0,19.0,1.0,1050.0,6.0,0.0,40.0,2.0,2.0,True
697,7952,22.0,3.0,19.0,2.0,4622.0,35.0,2.0,30.0,2.0,1.0,False
698,7953,42.0,4.0,16.0,2.0,5240.0,35.0,0.0,40.0,2.0,1.0,False
699,7954,22.0,1.0,13.0,2.0,7750.0,34.0,13.0,40.0,1.0,1.0,False
700,7955,26.0,5.0,22.0,1.0,705.0,30.0,0.0,50.0,1.0,1.0,False
701,7956,59.0,6.0,21.0,2.0,51.0,42.0,0.0,20.0,2.0,1.0,False
702,7957,58.0,1.0,21.0,1.0,710.0,215.0,1.0,40.0,1.0,2.0,True
703,7958,19.0,4.0,18.0,2.0,2350.0,48.0,17.0,6.0,1.0,2.0,False
704,7959,57.0,5.0,19.0,2.0,5400.0,48.0,0.0,41.0,2.0,1.0,True
705,7960,68.0,1.0,21.0,1.0,9645.0,42.0,0.0,25.0,1.0,1.0,False
706,7961,37.0,5.0,22.0,1.0,3945.0,440.0,0.0,40.0,2.0,2.0,False
707,7962,30.0,1.0,19.0,2.0,4950.0,35.0,2.0,20.0,1.0,1.0,False
708,7963,30.0,1.0,22.0,1.0,2310.0,35.0,1.0,40.0,2.0,1.0,False
709,7964,28.0,1.0,19.0,1.0,6260.0,48.0,0.0,50.0,1.0,1.0,False
710,7965,30.0,2.0,17.0,2.0,3602.0,35.0,2.0,40.0,1.0,2.0,False
711,7966,51.0,2.0,18.0,1.0,3602.0,28.0,1.0,32.0,2.0,2.0,False
712,7967,57.0,7.0,16.0,1.0,5860.0,35.0,1.0,30.0,2.0,1.0,True
713,7968,56.0,1.0,18.0,2.0,4700.0,42.0,13.0,40.0,1.0,1.0,False
714,7969,45.0,5.0,21.0,1.0,1106.0,215.0,1.0,40.0,1.0,2.0,True
715,7970,54.0,7.0,22.0,1.0,10.0,45.0,0.0,40.0,1.0,1.0,True
716,7971,43.0,3.0,19.0,1.0,3740.0,49.0,1.0,48.0,1.0,1.0,True
717,7972,45.0,1.0,22.0,1.0,350.0,35.0,1.0,50.0,1.0,1.0,True
718,7973,45.0,1.0,11.0,1.0,6260.0,35.0,1.0,38.0,1.0,1.0,False
719,7974,45.0,3.0,22.0,1.0,2310.0,17.0,5.0,40.0,1.0,1.0,False
720,7975,28.0,6.0,19.0,2.0,4500.0,6.0,0.0,40.0,1.0,1.0,False
721,7976,33.0,1.0,21.0,2.0,5240.0,35.0,13.0,50.0,1.0,1.0,True
722,7977,61.0,1.0,19.0,1.0,6200.0,303.0,1.0,60.0,1.0,2.0,True
723,7978,62.0,4.0,21.0,1.0,2320.0,53.0,0.0,40.0,1.0,1.0,False
724,7979,23.0,3.0,21.0,2.0,440.0,48.0,0.0,40.0,2.0,1.0,False
725,7980,29.0,1.0,18.0,1.0,5110.0,35.0,1.0,40.0,2.0,1.0,False
726,7981,45.0,1.0,16.0,2.0,3602.0,35.0,2.0,21.0,2.0,2.0,False
727,7982,58.0,1.0,18.0,2.0,5740.0,313.0,0.0,40.0,2.0,1.0,False
728,7983,47.0,2.0,22.0,1.0,420.0,53.0,0.0,40.0,2.0,1.0,False
729,7984,60.0,3.0,23.0,2.0,2360.0,55.0,0.0,40.0,1.0,1.0,False
730,7985,28.0,4.0,16.0,2.0,3930.0,35.0,7.0,40.0,1.0,1.0,False
731,7986,71.0,7.0,24.0,2.0,10.0,48.0,0.0,48.0,2.0,1.0,True
732,7987,52.0,1.0,16.0,2.0,4760.0,35.0,13.0,40.0,2.0,1.0,False
733,7988,21.0,3.0,16.0,2.0,4220.0,35.0,13.0,40.0,1.0,1.0,False
734,7989,58.0,1.0,19.0,1.0,4700.0,35.0,11.0,45.0,2.0,1.0,False
735,7990,30.0,1.0,22.0,1.0,3110.0,16.0,0.0,40.0,1.0,1.0,True
736,7991,42.0,1.0,16.0,1.0,7420.0,21.0,0.0,40.0,1.0,1.0,True
737,7992,22.0,1.0,14.0,2.0,4720.0,4.0,0.0,30.0,2.0,2.0,False
738,7993,18.0,1.0,14.0,2.0,4720.0,35.0,2.0,30.0,1.0,1.0,False
739,7994,56.0,4.0,21.0,2.0,2310.0,4.0,0.0,40.0,2.0,2.0,False
740,7995,59.0,4.0,16.0,1.0,9130.0,35.0,0.0,40.0,1.0,1.0,True
741,7996,41.0,8.0,17.0,1.0,6050.0,35.0,0.0,30.0,1.0,1.0,False
742,7997,40.0,1.0,21.0,1.0,205.0,35.0,1.0,50.0,1.0,1.0,False
743,7998,39.0,1.0,21.0,1.0,4700.0,41.0,0.0,40.0,1.0,1.0,False
744,7999,55.0,4.0,16.0,1.0,4220.0,35.0,0.0,40.0,1.0,2.0,False
745,8000,52.0,2.0,22.0,1.0,3255.0,21.0,0.0,42.0,2.0,1.0,True
746,8001,44.0,1.0,12.0,1.0,4140.0,303.0,1.0,40.0,1.0,1.0,False
747,8002,30.0,1.0,14.0,2.0,4720.0,35.0,16.0,40.0,1.0,2.0,False
748,8003,22.0,2.0,14.0,2.0,725.0,35.0,13.0,40.0,1.0,2.0,True
749,8004,46.0,1.0,19.0,1.0,4710.0,35.0,0.0,40.0,1.0,1.0,False
750,8005,28.0,1.0,21.0,1.0,410.0,8.0,0.0,50.0,1.0,1.0,False
751,8006,60.0,6.0,16.0,1.0,4251.0,35.0,0.0,25.0,1.0,1.0,False
752,8007,73.0,2.0,23.0,1.0,2040.0,29.0,0.0,2.0,1.0,1.0,False
753,8008,39.0,1.0,19.0,1.0,6950.0,35.0,0.0,40.0,1.0,1.0,True
754,8009,22.0,1.0,9.0,2.0,6355.0,35.0,0.0,40.0,1.0,1.0,False
755,8010,56.0,1.0,18.0,1.0,5120.0,4.0,0.0,40.0,2.0,1.0,False
756,8011,23.0,1.0,21.0,2.0,4710.0,48.0,13.0,45.0,1.0,2.0,False
757,8012,44.0,1.0,21.0,1.0,2634.0,29.0,0.0,40.0,1.0,1.0,True
758,8013,36.0,2.0,23.0,1.0,3090.0,35.0,1.0,40.0,2.0,1.0,True
759,8014,28.0,1.0,13.0,1.0,3602.0,303.0,1.0,35.0,2.0,1.0,False
760,8015,52.0,4.0,19.0,2.0,5310.0,35.0,0.0,55.0,2.0,1.0,False
761,8016,21.0,1.0,14.0,2.0,4700.0,35.0,2.0,40.0,1.0,1.0,False
762,8017,61.0,1.0,20.0,2.0,3255.0,55.0,0.0,36.0,2.0,1.0,False
763,8018,46.0,1.0,22.0,2.0,2205.0,6.0,0.0,35.0,2.0,1.0,True
764,8019,37.0,1.0,19.0,1.0,3645.0,48.0,0.0,40.0,2.0,1.0,False
765,8020,21.0,1.0,19.0,2.0,8990.0,35.0,0.0,40.0,1.0,2.0,False
766,8021,26.0,1.0,21.0,2.0,4760.0,35.0,0.0,25.0,1.0,1.0,False
767,8022,31.0,1.0,24.0,1.0,2100.0,48.0,1.0,50.0,1.0,1.0,True
768,8023,58.0,1.0,21.0,1.0,110.0,48.0,1.0,50.0,1.0,1.0,True
769,8024,55.0,1.0,21.0,1.0,4760.0,35.0,0.0,48.0,1.0,1.0,True
770,8025,43.0,2.0,21.0,1.0,2001.0,5.0,0.0,40.0,2.0,1.0,False
771,8026,55.0,1.0,17.0,1.0,9130.0,35.0,1.0,8.0,1.0,1.0,False
772,8027,57.0,2.0,21.0,1.0,2040.0,9.0,0.0,40.0,2.0,1.0,False
773,8028,38.0,1.0,22.0,1.0,1760.0,301.0,0.0,40.0,1.0,1.0,True
774,8029,37.0,1.0,16.0,1.0,20.0,35.0,0.0,20.0,1.0,1.0,True
775,8030,34.0,1.0,19.0,1.0,220.0,35.0,0.0,45.0,2.0,1.0,False
776,8031,51.0,1.0,16.0,2.0,4760.0,35.0,0.0,60.0,1.0,2.0,True
777,8032,59.0,4.0,22.0,2.0,2012.0,35.0,0.0,50.0,2.0,1.0,True
778,8033,27.0,1.0,17.0,2.0,5740.0,35.0,0.0,40.0,2.0,1.0,False
779,8034,37.0,6.0,13.0,1.0,9130.0,303.0,1.0,40.0,1.0,2.0,False
780,8035,59.0,3.0,20.0,1.0,5940.0,49.0,0.0,40.0,2.0,1.0,False
781,8036,19.0,1.0,18.0,2.0,5160.0,35.0,0.0,20.0,1.0,1.0,False
782,8037,55.0,1.0,20.0,1.0,5860.0,35.0,1.0,35.0,2.0,1.0,False
783,8038,49.0,1.0,19.0,1.0,110.0,35.0,1.0,40.0,1.0,1.0,True
784,8039,30.0,1.0,19.0,2.0,6950.0,35.0,0.0,10.0,1.0,2.0,False
785,8040,39.0,1.0,22.0,1.0,20.0,51.0,0.0,50.0,1.0,1.0,True
786,8041,38.0,1.0,21.0,1.0,230.0,35.0,0.0,40.0,2.0,2.0,False
787,8042,63.0,6.0,13.0,1.0,2634.0,49.0,1.0,50.0,1.0,1.0,False
788,8043,23.0,3.0,16.0,2.0,3740.0,303.0,0.0,40.0,2.0,1.0,False
789,8044,60.0,5.0,16.0,1.0,150.0,35.0,1.0,40.0,1.0,1.0,True
790,8045,29.0,1.0,24.0,1.0,3050.0,35.0,0.0,34.0,2.0,1.0,True
791,8046,19.0,1.0,16.0,2.0,4020.0,35.0,2.0,25.0,2.0,2.0,False
792,8047,31.0,1.0,16.0,2.0,4760.0,35.0,2.0,40.0,1.0,1.0,False
793,8048,26.0,1.0,16.0,2.0,5350.0,35.0,3.0,20.0,2.0,2.0,False
794,8049,36.0,1.0,16.0,1.0,6950.0,35.0,0.0,45.0,1.0,1.0,True
795,8050,23.0,6.0,16.0,2.0,4600.0,35.0,2.0,13.0,2.0,2.0,False
796,8051,30.0,1.0,19.0,1.0,3602.0,35.0,2.0,27.0,2.0,2.0,False
797,8052,24.0,5.0,16.0,1.0,9365.0,32.0,0.0,40.0,1.0,1.0,False
798,8053,42.0,1.0,16.0,2.0,4920.0,48.0,0.0,40.0,2.0,1.0,False
799,8054,32.0,1.0,20.0,1.0,3421.0,35.0,1.0,40.0,2.0,2.0,False
800,8055,62.0,3.0,22.0,2.0,1220.0,35.0,0.0,40.0,2.0,2.0,True
801,8056,55.0,1.0,16.0,1.0,4710.0,36.0,0.0,46.0,1.0,1.0,True
802,8057,61.0,5.0,19.0,1.0,8030.0,36.0,0.0,40.0,1.0,1.0,True
803,8058,31.0,1.0,21.0,1.0,5165.0,35.0,0.0,40.0,2.0,2.0,False
804,8059,25.0,2.0,18.0,1.0,3645.0,35.0,1.0,40.0,2.0,1.0,False
805,8060,49.0,2.0,22.0,1.0,230.0,35.0,0.0,50.0,2.0,1.0,True
806,8061,30.0,6.0,18.0,2.0,3602.0,35.0,0.0,15.0,1.0,1.0,False
807,8062,45.0,2.0,21.0,2.0,3255.0,35.0,0.0,12.0,2.0,2.0,False
808,8063,36.0,1.0,17.0,1.0,4700.0,139.0,0.0,45.0,1.0,1.0,True
809,8064,50.0,1.0,13.0,2.0,4230.0,35.0,6.0,45.0,2.0,2.0,False
810,8065,34.0,1.0,20.0,1.0,5110.0,35.0,0.0,40.0,2.0,1.0,False
811,8066,66.0,2.0,22.0,2.0,2360.0,55.0,0.0,30.0,2.0,1.0,False
812,8067,46.0,1.0,17.0,1.0,7700.0,303.0,0.0,55.0,1.0,1.0,False
813,8068,60.0,1.0,1.0,1.0,8810.0,303.0,0.0,50.0,1.0,1.0,False
814,8069,24.0,1.0,19.0,2.0,4720.0,35.0,0.0,40.0,2.0,2.0,False
815,8070,35.0,1.0,23.0,1.0,2100.0,35.0,0.0,40.0,2.0,1.0,True
816,8071,37.0,3.0,16.0,2.0,5810.0,35.0,13.0,40.0,2.0,1.0,False
817,8072,59.0,1.0,14.0,1.0,3603.0,35.0,1.0,40.0,2.0,2.0,False
818,8073,25.0,1.0,16.0,2.0,4110.0,35.0,2.0,20.0,1.0,1.0,False
819,8074,32.0,1.0,19.0,2.0,7800.0,31.0,13.0,38.0,1.0,1.0,False
820,8075,32.0,1.0,20.0,2.0,3421.0,35.0,13.0,40.0,2.0,1.0,False
821,8076,45.0,1.0,14.0,1.0,4700.0,48.0,16.0,40.0,1.0,1.0,False
822,8077,33.0,6.0,19.0,1.0,4522.0,35.0,1.0,40.0,2.0,1.0,True
823,8078,26.0,1.0,20.0,2.0,2920.0,35.0,0.0,40.0,1.0,2.0,False
824,8079,60.0,1.0,21.0,2.0,3050.0,35.0,0.0,40.0,2.0,2.0,True
825,8080,50.0,1.0,19.0,1.0,9050.0,35.0,1.0,20.0,2.0,1.0,True
826,8081,62.0,1.0,16.0,2.0,6200.0,6.0,0.0,40.0,1.0,1.0,False
827,8082,38.0,1.0,20.0,2.0,136.0,35.0,13.0,40.0,2.0,1.0,True
828,8083,35.0,1.0,22.0,1.0,3150.0,11.0,1.0,40.0,2.0,1.0,True
829,8084,40.0,1.0,16.0,1.0,7200.0,303.0,0.0,40.0,1.0,1.0,False
830,8085,25.0,1.0,20.0,1.0,3603.0,35.0,1.0,24.0,2.0,2.0,False
831,8086,22.0,4.0,20.0,2.0,3603.0,35.0,2.0,40.0,1.0,1.0,True
832,8087,38.0,1.0,22.0,1.0,4920.0,35.0,0.0,40.0,1.0,1.0,True
833,8088,43.0,3.0,22.0,1.0,2310.0,35.0,0.0,40.0,2.0,1.0,True
834,8089,30.0,7.0,20.0,1.0,8255.0,12.0,1.0,60.0,1.0,1.0,False
835,8090,65.0,1.0,21.0,1.0,3602.0,36.0,0.0,20.0,1.0,1.0,False
836,8091,53.0,6.0,22.0,2.0,3245.0,26.0,0.0,40.0,1.0,1.0,True
837,8092,39.0,2.0,13.0,2.0,4720.0,18.0,16.0,40.0,1.0,2.0,False
838,8093,58.0,1.0,16.0,1.0,4720.0,35.0,1.0,38.0,2.0,1.0,False
839,8094,25.0,5.0,21.0,1.0,3605.0,35.0,1.0,40.0,1.0,1.0,False
840,8095,55.0,3.0,22.0,1.0,1821.0,35.0,1.0,9.0,2.0,2.0,False
841,8096,30.0,7.0,22.0,2.0,440.0,6.0,0.0,60.0,1.0,1.0,True
842,8097,45.0,3.0,19.0,2.0,3300.0,35.0,0.0,40.0,2.0,2.0,False
843,8098,40.0,1.0,23.0,1.0,3090.0,301.0,0.0,70.0,2.0,1.0,True
844,8099,50.0,6.0,18.0,1.0,6200.0,35.0,1.0,40.0,1.0,1.0,False
845,8100,21.0,1.0,19.0,2.0,8140.0,35.0,7.0,40.0,2.0,2.0,False
846,8101,58.0,1.0,19.0,1.0,3421.0,48.0,0.0,32.0,2.0,2.0,False
847,8102,54.0,1.0,16.0,1.0,9130.0,8.0,1.0,65.0,1.0,1.0,True
848,8103,46.0,4.0,19.0,2.0,120.0,35.0,0.0,40.0,2.0,2.0,False
849,8104,33.0,4.0,22.0,2.0,1650.0,48.0,0.0,40.0,2.0,1.0,False
850,8105,55.0,2.0,19.0,2.0,4251.0,35.0,12.0,20.0,1.0,1.0,False
851,8106,31.0,1.0,16.0,1.0,6442.0,4.0,16.0,30.0,1.0,1.0,False
852,8107,66.0,4.0,24.0,1.0,2205.0,17.0,0.0,50.0,1.0,1.0,True
853,8108,24.0,1.0,20.0,2.0,4600.0,8.0,13.0,40.0,2.0,1.0,True
854,8109,45.0,3.0,21.0,2.0,2310.0,48.0,0.0,45.0,2.0,2.0,False
855,8110,61.0,1.0,19.0,1.0,3602.0,48.0,0.0,40.0,1.0,1.0,True
856,8111,34.0,1.0,19.0,2.0,3421.0,35.0,13.0,40.0,2.0,1.0,False
857,8112,31.0,1.0,19.0,1.0,4710.0,35.0,0.0,50.0,1.0,1.0,True
858,8113,60.0,4.0,17.0,1.0,2015.0,6.0,1.0,40.0,1.0,1.0,False
859,8114,38.0,5.0,21.0,1.0,705.0,17.0,0.0,50.0,1.0,1.0,True
860,8115,35.0,2.0,24.0,1.0,1760.0,238.0,1.0,40.0,2.0,2.0,True
861,8116,39.0,1.0,19.0,2.0,3300.0,35.0,13.0,40.0,2.0,1.0,False
862,8117,36.0,1.0,17.0,1.0,3603.0,12.0,1.0,42.0,2.0,1.0,False
863,8118,62.0,7.0,22.0,2.0,2710.0,39.0,0.0,45.0,1.0,1.0,True
864,8119,26.0,1.0,19.0,2.0,9620.0,35.0,13.0,40.0,1.0,2.0,False
865,8120,41.0,6.0,16.0,1.0,3602.0,35.0,1.0,29.0,2.0,1.0,False
866,8121,54.0,1.0,21.0,1.0,140.0,110.0,0.0,70.0,1.0,1.0,True
867,8122,30.0,1.0,17.0,1.0,4110.0,4.0,1.0,30.0,1.0,1.0,False
868,8123,29.0,1.0,16.0,2.0,4420.0,35.0,2.0,40.0,1.0,1.0,False
869,8124,61.0,4.0,18.0,1.0,4220.0,35.0,1.0,40.0,1.0,2.0,False
870,8125,31.0,1.0,14.0,2.0,3602.0,35.0,2.0,15.0,2.0,2.0,False
871,8126,82.0,1.0,19.0,2.0,4900.0,20.0,0.0,8.0,2.0,1.0,False
872,8127,68.0,1.0,18.0,2.0,3645.0,35.0,0.0,40.0,2.0,1.0,False
873,8128,55.0,1.0,16.0,2.0,4220.0,35.0,13.0,35.0,1.0,1.0,False
874,8129,38.0,1.0,16.0,2.0,8800.0,6.0,2.0,48.0,1.0,1.0,False
875,8130,73.0,6.0,24.0,2.0,1825.0,27.0,0.0,10.0,2.0,1.0,False
876,8131,62.0,6.0,19.0,2.0,3630.0,26.0,0.0,38.0,2.0,1.0,False
877,8132,52.0,1.0,16.0,2.0,6515.0,303.0,0.0,40.0,1.0,2.0,False
878,8133,62.0,2.0,22.0,2.0,2300.0,303.0,0.0,40.0,2.0,2.0,False
879,8134,53.0,5.0,22.0,1.0,1530.0,29.0,0.0,40.0,1.0,1.0,True
880,8135,29.0,1.0,21.0,1.0,1410.0,6.0,0.0,55.0,1.0,1.0,True
881,8136,42.0,1.0,19.0,2.0,5300.0,303.0,0.0,40.0,2.0,1.0,False
882,8137,48.0,1.0,21.0,2.0,5120.0,48.0,0.0,45.0,2.0,2.0,False
883,8138,25.0,1.0,19.0,2.0,5240.0,26.0,12.0,40.0,2.0,1.0,False
884,8139,69.0,7.0,16.0,2.0,440.0,110.0,0.0,40.0,1.0,1.0,False
885,8140,27.0,1.0,21.0,2.0,1920.0,139.0,0.0,40.0,1.0,2.0,False
886,8141,34.0,1.0,16.0,2.0,4240.0,6.0,0.0,40.0,1.0,1.0,False
887,8142,62.0,7.0,22.0,2.0,420.0,9.0,0.0,40.0,2.0,1.0,False
888,8143,43.0,7.0,20.0,2.0,4760.0,8.0,0.0,40.0,1.0,1.0,False
889,8144,63.0,6.0,16.0,1.0,4810.0,48.0,0.0,45.0,2.0,1.0,True
890,8145,24.0,5.0,21.0,2.0,705.0,35.0,13.0,40.0,1.0,1.0,False
891,8146,64.0,2.0,19.0,1.0,2040.0,35.0,0.0,40.0,2.0,1.0,False
892,8147,22.0,2.0,19.0,2.0,6120.0,37.0,0.0,88.0,2.0,1.0,False
893,8148,63.0,7.0,19.0,1.0,6200.0,56.0,0.0,60.0,1.0,1.0,True
894,8149,47.0,1.0,16.0,2.0,3930.0,56.0,2.0,40.0,1.0,1.0,False
895,8150,50.0,4.0,21.0,2.0,1750.0,13.0,0.0,40.0,1.0,1.0,True
896,8151,58.0,2.0,1.0,2.0,4640.0,35.0,0.0,40.0,2.0,1.0,False
897,8152,38.0,6.0,18.0,1.0,3630.0,35.0,0.0,20.0,2.0,1.0,False
898,8153,25.0,1.0,16.0,2.0,8990.0,303.0,10.0,48.0,1.0,2.0,False
899,8154,55.0,1.0,16.0,1.0,5740.0,35.0,0.0,60.0,2.0,1.0,False
900,8155,60.0,2.0,21.0,2.0,4965.0,29.0,0.0,15.0,2.0,1.0,True
901,8156,50.0,1.0,21.0,1.0,230.0,20.0,1.0,55.0,1.0,2.0,True
902,8157,68.0,1.0,19.0,2.0,4720.0,42.0,0.0,15.0,2.0,1.0,False
903,8158,62.0,5.0,21.0,1.0,1021.0,48.0,0.0,50.0,1.0,1.0,True
904,8159,20.0,1.0,18.0,2.0,5300.0,35.0,0.0,23.0,2.0,2.0,False
905,8160,40.0,1.0,14.0,1.0,6230.0,35.0,0.0,40.0,1.0,2.0,False
906,8161,20.0,1.0,19.0,2.0,7840.0,35.0,2.0,20.0,1.0,2.0,False
907,8162,66.0,6.0,12.0,1.0,4210.0,35.0,8.0,1.0,1.0,1.0,False
908,8163,42.0,4.0,18.0,1.0,5165.0,35.0,1.0,40.0,1.0,1.0,True
909,8164,19.0,1.0,16.0,2.0,4800.0,35.0,2.0,40.0,1.0,1.0,False
910,8165,48.0,2.0,17.0,1.0,110.0,35.0,0.0,40.0,2.0,2.0,True
911,8166,31.0,1.0,19.0,1.0,7700.0,27.0,0.0,48.0,1.0,1.0,False
912,8167,22.0,1.0,19.0,2.0,5120.0,35.0,10.0,40.0,2.0,2.0,False
913,8168,63.0,1.0,22.0,2.0,4850.0,8.0,0.0,45.0,1.0,1.0,False
914,8169,22.0,1.0,18.0,2.0,6230.0,39.0,13.0,30.0,1.0,1.0,False
915,8170,24.0,4.0,21.0,2.0,2330.0,48.0,2.0,40.0,2.0,1.0,False
916,8171,36.0,1.0,13.0,1.0,8140.0,35.0,1.0,40.0,1.0,2.0,False
917,8172,54.0,1.0,19.0,1.0,7750.0,36.0,0.0,40.0,1.0,1.0,False
918,8173,37.0,7.0,16.0,1.0,4230.0,303.0,1.0,25.0,2.0,1.0,False
919,8174,54.0,2.0,16.0,1.0,4840.0,247.0,0.0,50.0,2.0,2.0,False
920,8175,19.0,1.0,19.0,2.0,3300.0,35.0,2.0,12.0,2.0,1.0,False
921,8176,44.0,1.0,16.0,2.0,7330.0,35.0,0.0,50.0,1.0,2.0,False
922,8177,38.0,1.0,21.0,2.0,3645.0,35.0,2.0,36.0,2.0,1.0,False
923,8178,47.0,4.0,21.0,1.0,2310.0,35.0,1.0,40.0,2.0,1.0,False
924,8179,59.0,6.0,16.0,2.0,6260.0,35.0,2.0,40.0,1.0,2.0,True
925,8180,34.0,1.0,1.0,1.0,4720.0,35.0,0.0,25.0,2.0,1.0,False
926,8181,79.0,1.0,16.0,1.0,5000.0,35.0,1.0,42.0,2.0,1.0,True
927,8182,21.0,1.0,19.0,1.0,850.0,35.0,0.0,40.0,2.0,1.0,False
928,8183,72.0,1.0,19.0,2.0,5400.0,48.0,0.0,24.0,2.0,1.0,False
929,8184,71.0,6.0,16.0,2.0,4760.0,55.0,0.0,20.0,2.0,1.0,False
930,8185,68.0,4.0,22.0,2.0,5740.0,35.0,0.0,50.0,2.0,1.0,True
931,8186,28.0,3.0,13.0,2.0,2400.0,303.0,10.0,40.0,2.0,2.0,False
932,8187,46.0,1.0,19.0,1.0,5120.0,35.0,1.0,40.0,2.0,1.0,False
933,8188,35.0,1.0,19.0,1.0,530.0,56.0,0.0,50.0,2.0,1.0,True
934,8189,19.0,1.0,16.0,2.0,4251.0,35.0,2.0,30.0,1.0,1.0,False
935,8190,20.0,1.0,21.0,2.0,4230.0,8.0,12.0,15.0,1.0,2.0,False
936,8191,27.0,1.0,16.0,1.0,3601.0,35.0,1.0,30.0,2.0,1.0,False
937,8192,77.0,4.0,24.0,1.0,2205.0,139.0,0.0,40.0,1.0,1.0,True
938,8193,54.0,1.0,16.0,1.0,9645.0,233.0,1.0,35.0,2.0,2.0,False
939,8194,33.0,1.0,19.0,2.0,6230.0,303.0,10.0,45.0,1.0,1.0,False
940,8195,64.0,1.0,21.0,2.0,1530.0,55.0,13.0,45.0,1.0,1.0,True
941,8196,38.0,1.0,15.0,1.0,6800.0,35.0,1.0,86.0,1.0,1.0,True
942,8197,65.0,1.0,16.0,1.0,4220.0,303.0,1.0,40.0,1.0,1.0,True
943,8198,70.0,2.0,23.0,1.0,2040.0,17.0,0.0,40.0,1.0,1.0,True
944,8199,50.0,1.0,22.0,1.0,220.0,35.0,1.0,50.0,1.0,2.0,True
945,8200,38.0,2.0,22.0,1.0,3110.0,35.0,1.0,40.0,2.0,1.0,True
946,8201,68.0,6.0,19.0,2.0,4700.0,6.0,0.0,24.0,2.0,1.0,False
947,8202,36.0,1.0,24.0,1.0,1010.0,42.0,1.0,50.0,1.0,1.0,True
948,8203,52.0,2.0,22.0,1.0,2320.0,49.0,1.0,50.0,1.0,1.0,True
949,8204,60.0,7.0,22.0,2.0,4510.0,8.0,0.0,55.0,2.0,1.0,False
950,8205,20.0,8.0,19.0,2.0,6260.0,48.0,2.0,32.0,1.0,1.0,False
951,8206,29.0,1.0,22.0,1.0,6260.0,35.0,1.0,40.0,1.0,1.0,False
952,8207,59.0,1.0,21.0,1.0,5550.0,30.0,1.0,8.0,2.0,1.0,False
953,8208,22.0,1.0,9.0,2.0,7340.0,35.0,13.0,20.0,1.0,2.0,False
954,8209,60.0,4.0,19.0,1.0,2545.0,48.0,0.0,40.0,2.0,1.0,False
955,8210,68.0,7.0,13.0,1.0,9130.0,5.0,0.0,8.0,1.0,1.0,False
956,8211,28.0,2.0,19.0,2.0,5610.0,35.0,16.0,60.0,1.0,1.0,False
957,8212,63.0,4.0,22.0,1.0,10.0,6.0,1.0,40.0,1.0,2.0,True
958,8213,57.0,1.0,21.0,1.0,4621.0,35.0,0.0,20.0,2.0,1.0,False
959,8214,43.0,2.0,18.0,2.0,3515.0,35.0,0.0,40.0,2.0,1.0,False
960,8215,44.0,1.0,16.0,1.0,4055.0,35.0,1.0,40.0,2.0,1.0,False
961,8216,44.0,1.0,13.0,1.0,9130.0,35.0,6.0,40.0,2.0,2.0,False
962,8217,52.0,1.0,17.0,2.0,4230.0,6.0,5.0,40.0,2.0,1.0,False
963,8218,37.0,6.0,19.0,2.0,8750.0,35.0,5.0,32.0,2.0,2.0,False
964,8219,17.0,1.0,14.0,2.0,4030.0,35.0,2.0,40.0,1.0,1.0,False
965,8220,28.0,6.0,20.0,2.0,9130.0,22.0,0.0,25.0,1.0,1.0,False
966,8221,33.0,4.0,24.0,2.0,2205.0,245.0,0.0,20.0,1.0,2.0,False
967,8222,50.0,5.0,18.0,1.0,4200.0,35.0,0.0,40.0,2.0,2.0,True
968,8223,28.0,1.0,16.0,1.0,8740.0,48.0,0.0,40.0,1.0,1.0,False
969,8224,62.0,1.0,19.0,1.0,8140.0,48.0,0.0,45.0,1.0,1.0,True
970,8225,43.0,3.0,19.0,1.0,1032.0,35.0,1.0,40.0,1.0,1.0,False
971,8226,46.0,4.0,16.0,2.0,6260.0,35.0,0.0,40.0,1.0,1.0,False
972,8227,46.0,1.0,10.0,1.0,3160.0,35.0,1.0,40.0,1.0,1.0,True
973,8228,57.0,1.0,19.0,2.0,6230.0,35.0,0.0,40.0,1.0,2.0,True
974,8229,55.0,7.0,19.0,1.0,3310.0,35.0,0.0,45.0,2.0,1.0,True
975,8230,25.0,1.0,21.0,1.0,5940.0,48.0,0.0,40.0,2.0,1.0,False
976,8231,54.0,1.0,16.0,2.0,4720.0,35.0,0.0,20.0,2.0,2.0,False
977,8232,38.0,5.0,24.0,1.0,1760.0,240.0,0.0,40.0,1.0,2.0,True
978,8233,46.0,1.0,15.0,1.0,4710.0,303.0,1.0,40.0,2.0,1.0,False
979,8234,38.0,2.0,21.0,1.0,420.0,6.0,0.0,15.0,2.0,1.0,False
980,8235,63.0,1.0,16.0,2.0,3645.0,6.0,2.0,40.0,2.0,1.0,False
981,8236,57.0,1.0,1.0,2.0,4850.0,247.0,0.0,45.0,2.0,2.0,True
982,8237,57.0,7.0,18.0,1.0,4920.0,8.0,0.0,40.0,2.0,1.0,True
983,8238,46.0,8.0,16.0,1.0,4230.0,16.0,0.0,30.0,1.0,1.0,False
984,8239,21.0,3.0,16.0,2.0,2545.0,35.0,2.0,36.0,1.0,1.0,False
985,8240,65.0,3.0,19.0,1.0,5940.0,55.0,0.0,40.0,2.0,1.0,False
986,8241,21.0,1.0,19.0,2.0,7840.0,35.0,2.0,20.0,1.0,2.0,False
987,8242,46.0,6.0,14.0,2.0,4010.0,303.0,15.0,50.0,1.0,1.0,False
988,8243,21.0,1.0,17.0,2.0,110.0,29.0,0.0,32.0,2.0,1.0,False
989,8244,63.0,3.0,16.0,1.0,5740.0,35.0,1.0,40.0,2.0,1.0,False
990,8245,51.0,5.0,23.0,1.0,8740.0,233.0,0.0,50.0,2.0,2.0,True
991,8246,36.0,6.0,18.0,1.0,4600.0,21.0,1.0,45.0,2.0,1.0,False
992,8247,58.0,1.0,21.0,1.0,9121.0,48.0,0.0,15.0,2.0,1.0,False
993,8248,36.0,6.0,22.0,2.0,2830.0,303.0,0.0,70.0,2.0,1.0,False
994,8249,42.0,6.0,16.0,1.0,4600.0,35.0,1.0,30.0,2.0,2.0,False
995,8250,56.0,1.0,18.0,1.0,5000.0,35.0,1.0,45.0,2.0,1.0,False
996,8251,19.0,1.0,19.0,2.0,5240.0,35.0,4.0,20.0,2.0,1.0,False
997,8252,34.0,1.0,21.0,2.0,4030.0,35.0,2.0,20.0,2.0,1.0,False
998,8253,20.0,4.0,1.0,2.0,3603.0,35.0,2.0,40.0,1.0,2.0,False
999,8254,29.0,1.0,20.0,1.0,3550.0,8.0,0.0,40.0,2.0,1.0,False
1000,8255,42.0,1.0,22.0,1.0,440.0,17.0,0.0,50.0,1.0,1.0,True
1001,8256,20.0,3.0,19.0,2.0,4600.0,35.0,2.0,25.0,2.0,2.0,False
1002,8257,31.0,1.0,19.0,2.0,850.0,362.0,0.0,50.0,2.0,1.0,True
1003,8258,56.0,5.0,22.0,2.0,3930.0,35.0,0.0,40.0,2.0,1.0,True
1004,8259,21.0,1.0,16.0,2.0,230.0,35.0,2.0,15.0,2.0,1.0,False
1005,8260,27.0,6.0,16.0,1.0,2360.0,8.0,1.0,8.0,2.0,1.0,False
1006,8261,60.0,1.0,22.0,1.0,2360.0,35.0,0.0,40.0,1.0,1.0,True
1007,8262,18.0,1.0,18.0,2.0,6050.0,48.0,2.0,30.0,1.0,2.0,False
1008,8263,26.0,1.0,21.0,2.0,310.0,35.0,2.0,40.0,1.0,1.0,False
1009,8264,27.0,1.0,19.0,2.0,7200.0,48.0,16.0,40.0,1.0,1.0,False
1010,8265,57.0,7.0,16.0,1.0,220.0,35.0,1.0,80.0,1.0,1.0,False
1011,8266,26.0,5.0,16.0,2.0,6835.0,49.0,17.0,40.0,1.0,1.0,False
1012,8267,28.0,1.0,19.0,1.0,2360.0,6.0,0.0,40.0,2.0,2.0,False
1013,8268,18.0,1.0,16.0,2.0,4720.0,35.0,13.0,28.0,2.0,1.0,False
1014,8269,52.0,3.0,16.0,1.0,6305.0,35.0,0.0,40.0,1.0,1.0,False
1015,8270,49.0,1.0,21.0,1.0,440.0,35.0,0.0,40.0,1.0,1.0,True
1016,8271,32.0,1.0,21.0,2.0,5240.0,35.0,2.0,40.0,2.0,2.0,False
1017,8272,34.0,1.0,16.0,1.0,4110.0,6.0,1.0,20.0,1.0,1.0,False
1018,8273,36.0,1.0,20.0,2.0,2300.0,35.0,2.0,40.0,2.0,2.0,False
1019,8274,19.0,3.0,19.0,2.0,4720.0,4.0,2.0,8.0,2.0,2.0,False
1020,8275,62.0,1.0,21.0,1.0,9030.0,25.0,1.0,12.0,1.0,1.0,True
1021,8276,30.0,2.0,20.0,2.0,4900.0,35.0,2.0,10.0,1.0,1.0,False
1022,8277,32.0,1.0,19.0,2.0,1560.0,35.0,0.0,45.0,1.0,1.0,True
1023,8278,19.0,1.0,16.0,2.0,9645.0,35.0,7.0,15.0,1.0,1.0,False
1024,8279,53.0,2.0,20.0,2.0,7410.0,35.0,0.0,40.0,1.0,1.0,True
1025,8280,61.0,1.0,20.0,1.0,4760.0,35.0,1.0,21.0,2.0,1.0,False
1026,8281,23.0,1.0,22.0,2.0,2205.0,103.0,0.0,20.0,1.0,1.0,False
1027,8282,54.0,7.0,19.0,1.0,520.0,35.0,0.0,8.0,2.0,2.0,False
1028,8283,30.0,1.0,19.0,1.0,7000.0,303.0,9.0,40.0,1.0,1.0,True
1029,8284,51.0,1.0,16.0,1.0,4750.0,35.0,1.0,40.0,2.0,1.0,False
1030,8285,42.0,5.0,21.0,1.0,3255.0,19.0,0.0,52.0,1.0,1.0,True
1031,8286,32.0,1.0,21.0,1.0,3110.0,48.0,0.0,60.0,1.0,1.0,True
1032,8287,78.0,6.0,21.0,1.0,205.0,35.0,0.0,20.0,1.0,1.0,True
1033,8288,34.0,1.0,21.0,1.0,705.0,35.0,1.0,40.0,2.0,1.0,True
1034,8289,53.0,1.0,19.0,2.0,6260.0,6.0,0.0,40.0,1.0,2.0,False
1035,8290,55.0,3.0,13.0,1.0,3245.0,35.0,0.0,40.0,2.0,1.0,True
1036,8291,21.0,5.0,16.0,2.0,9830.0,48.0,17.0,40.0,1.0,1.0,False
1037,8292,48.0,3.0,22.0,1.0,2330.0,35.0,0.0,35.0,2.0,1.0,False
1038,8293,62.0,1.0,17.0,1.0,4510.0,35.0,1.0,40.0,2.0,2.0,False
1039,8294,30.0,1.0,21.0,1.0,4000.0,25.0,0.0,45.0,1.0,1.0,False
1040,8295,34.0,1.0,17.0,2.0,7800.0,12.0,0.0,40.0,2.0,1.0,False
1041,8296,48.0,4.0,17.0,1.0,2180.0,41.0,1.0,40.0,2.0,1.0,True
1042,8297,50.0,1.0,16.0,2.0,9130.0,35.0,0.0,32.0,1.0,1.0,False
1043,8298,23.0,6.0,20.0,2.0,4600.0,6.0,0.0,36.0,2.0,1.0,False
1044,8299,57.0,4.0,23.0,1.0,3258.0,35.0,0.0,40.0,2.0,1.0,True
1045,8300,47.0,2.0,22.0,2.0,2205.0,9.0,0.0,40.0,2.0,1.0,False
1046,8301,55.0,4.0,17.0,2.0,3602.0,35.0,0.0,33.0,2.0,2.0,False
1047,8302,59.0,2.0,21.0,1.0,4622.0,20.0,1.0,30.0,2.0,1.0,False
1048,8303,23.0,1.0,20.0,2.0,4110.0,35.0,0.0,28.0,2.0,2.0,False
1049,8304,63.0,4.0,16.0,1.0,4010.0,35.0,0.0,35.0,2.0,1.0,False
1050,8305,20.0,1.0,19.0,2.0,2861.0,35.0,2.0,40.0,1.0,1.0,False
1051,8306,60.0,6.0,20.0,1.0,2006.0,36.0,1.0,30.0,2.0,1.0,False
1052,8307,43.0,3.0,22.0,1.0,1032.0,26.0,1.0,40.0,1.0,1.0,True
1053,8308,23.0,5.0,18.0,2.0,5160.0,35.0,7.0,40.0,2.0,1.0,False
1054,8309,53.0,1.0,16.0,1.0,3601.0,49.0,1.0,40.0,2.0,2.0,False
1055,8310,30.0,5.0,24.0,2.0,1760.0,17.0,0.0,50.0,1.0,1.0,True
1056,8311,57.0,1.0,21.0,1.0,630.0,48.0,0.0,84.0,1.0,1.0,True
1057,8312,66.0,6.0,13.0,1.0,8750.0,35.0,1.0,15.0,2.0,2.0,False
1058,8313,38.0,1.0,19.0,1.0,2545.0,35.0,0.0,40.0,2.0,2.0,False
1059,8314,45.0,1.0,16.0,1.0,4840.0,6.0,0.0,40.0,1.0,1.0,False
1060,8315,29.0,1.0,20.0,2.0,9130.0,48.0,0.0,60.0,1.0,1.0,False
1061,8316,68.0,6.0,16.0,1.0,4600.0,35.0,1.0,40.0,2.0,1.0,False
1062,8317,62.0,7.0,21.0,1.0,440.0,35.0,1.0,15.0,1.0,1.0,False
1063,8318,32.0,1.0,15.0,1.0,3640.0,35.0,1.0,36.0,2.0,1.0,False
1064,8319,69.0,7.0,22.0,2.0,2850.0,12.0,0.0,40.0,2.0,1.0,True
1065,8320,25.0,6.0,18.0,2.0,4600.0,35.0,0.0,32.0,2.0,1.0,False
1066,8321,20.0,1.0,18.0,2.0,6230.0,35.0,7.0,30.0,1.0,2.0,False
1067,8322,64.0,1.0,10.0,2.0,9645.0,35.0,0.0,32.0,1.0,1.0,False
1068,8323,61.0,1.0,23.0,1.0,850.0,17.0,1.0,40.0,1.0,1.0,True
1069,8324,36.0,4.0,19.0,2.0,4220.0,35.0,13.0,15.0,1.0,1.0,False
1070,8325,42.0,1.0,16.0,1.0,3602.0,35.0,1.0,33.0,1.0,2.0,False
1071,8326,65.0,7.0,23.0,1.0,2100.0,36.0,1.0,20.0,1.0,1.0,True
1072,8327,22.0,1.0,14.0,2.0,4030.0,4.0,7.0,30.0,1.0,1.0,False
1073,8328,26.0,1.0,16.0,2.0,5510.0,35.0,0.0,40.0,1.0,1.0,False
1074,8329,66.0,1.0,22.0,1.0,3255.0,35.0,1.0,40.0,2.0,1.0,True
1075,8330,30.0,1.0,21.0,2.0,3421.0,301.0,2.0,40.0,2.0,1.0,False
1076,8331,68.0,6.0,20.0,1.0,6230.0,39.0,1.0,30.0,1.0,1.0,False
1077,8332,36.0,1.0,16.0,2.0,3602.0,35.0,0.0,40.0,1.0,1.0,False
1078,8333,54.0,1.0,9.0,1.0,6050.0,303.0,0.0,16.0,1.0,2.0,False
1079,8334,55.0,1.0,17.0,2.0,9210.0,48.0,0.0,40.0,1.0,1.0,True
1080,8335,41.0,1.0,20.0,1.0,8610.0,35.0,1.0,40.0,1.0,1.0,True
1081,8336,51.0,1.0,17.0,2.0,7020.0,36.0,0.0,40.0,1.0,1.0,True
1082,8337,27.0,1.0,19.0,1.0,9720.0,53.0,17.0,40.0,1.0,1.0,False
1083,8338,60.0,1.0,16.0,2.0,4760.0,48.0,2.0,60.0,1.0,1.0,False
1084,8339,53.0,1.0,22.0,2.0,4965.0,17.0,0.0,45.0,2.0,1.0,True
1085,8340,41.0,1.0,16.0,1.0,4400.0,35.0,1.0,40.0,1.0,2.0,False
1086,8341,25.0,3.0,21.0,2.0,1010.0,35.0,12.0,20.0,2.0,1.0,False
1087,8342,18.0,1.0,16.0,2.0,4020.0,35.0,0.0,5.0,2.0,1.0,False
1088,8343,41.0,3.0,19.0,2.0,5940.0,35.0,0.0,36.0,2.0,1.0,True
1089,8344,34.0,1.0,19.0,2.0,5740.0,35.0,0.0,40.0,2.0,1.0,False
1090,8345,56.0,1.0,16.0,2.0,4800.0,35.0,0.0,50.0,2.0,1.0,True
1091,8346,54.0,1.0,9.0,2.0,6050.0,303.0,0.0,50.0,1.0,1.0,False
1092,8347,24.0,1.0,21.0,2.0,1610.0,35.0,0.0,40.0,1.0,1.0,False
1093,8348,39.0,4.0,21.0,2.0,2310.0,35.0,0.0,40.0,1.0,1.0,False
1094,8349,52.0,5.0,22.0,1.0,2001.0,4.0,0.0,40.0,2.0,2.0,True
1095,8350,77.0,7.0,16.0,2.0,2360.0,35.0,0.0,4.0,2.0,1.0,False
1096,8351,64.0,1.0,20.0,1.0,4760.0,48.0,1.0,32.0,2.0,1.0,False
1097,8352,26.0,4.0,21.0,2.0,2016.0,48.0,0.0,40.0,1.0,1.0,False
1098,8353,60.0,1.0,20.0,2.0,136.0,6.0,0.0,40.0,2.0,1.0,True
1099,8354,32.0,4.0,18.0,2.0,5220.0,35.0,0.0,37.0,2.0,1.0,False
1100,8355,31.0,2.0,22.0,1.0,3255.0,35.0,0.0,37.0,2.0,1.0,True
1101,8356,19.0,1.0,18.0,2.0,9130.0,35.0,17.0,30.0,2.0,1.0,False
1102,8357,23.0,1.0,12.0,2.0,4020.0,35.0,15.0,40.0,1.0,2.0,False
1103,8358,49.0,1.0,16.0,2.0,8600.0,35.0,0.0,48.0,2.0,1.0,True
1104,8359,30.0,1.0,21.0,1.0,2350.0,35.0,0.0,15.0,1.0,1.0,False
1105,8360,63.0,3.0,15.0,2.0,6355.0,48.0,0.0,24.0,1.0,1.0,False
1106,8361,60.0,1.0,12.0,2.0,4230.0,35.0,6.0,40.0,2.0,2.0,False
1107,8362,36.0,5.0,20.0,1.0,3720.0,48.0,1.0,72.0,1.0,1.0,True
1108,8363,40.0,2.0,21.0,1.0,3160.0,35.0,1.0,40.0,2.0,2.0,False
1109,8364,63.0,1.0,19.0,1.0,3930.0,35.0,0.0,40.0,1.0,2.0,False
1110,8365,38.0,3.0,19.0,1.0,6260.0,35.0,0.0,40.0,1.0,2.0,False
1111,8366,62.0,1.0,21.0,1.0,340.0,48.0,0.0,60.0,2.0,1.0,False
1112,8367,50.0,6.0,19.0,2.0,3602.0,35.0,0.0,50.0,2.0,1.0,False
1113,8368,73.0,1.0,13.0,2.0,5860.0,35.0,0.0,40.0,2.0,1.0,False
1114,8369,24.0,1.0,18.0,2.0,5240.0,35.0,13.0,35.0,2.0,1.0,False
1115,8370,22.0,1.0,21.0,2.0,2145.0,35.0,0.0,15.0,2.0,1.0,False
1116,8371,34.0,1.0,16.0,1.0,6050.0,35.0,1.0,40.0,1.0,1.0,False
1117,8372,32.0,1.0,20.0,2.0,120.0,35.0,0.0,48.0,2.0,1.0,True
1118,8373,48.0,1.0,17.0,1.0,8030.0,17.0,1.0,50.0,1.0,1.0,True
1119,8374,36.0,1.0,12.0,2.0,4230.0,48.0,0.0,40.0,2.0,1.0,False
1120,8375,74.0,3.0,19.0,1.0,5940.0,35.0,0.0,40.0,1.0,2.0,False
1121,8376,48.0,5.0,16.0,1.0,2350.0,2.0,1.0,40.0,2.0,1.0,False
1122,8377,36.0,1.0,21.0,1.0,1105.0,6.0,0.0,40.0,1.0,1.0,True
1123,8378,21.0,1.0,19.0,2.0,9130.0,48.0,17.0,30.0,1.0,1.0,False
1124,8379,34.0,6.0,17.0,1.0,205.0,30.0,1.0,15.0,2.0,1.0,False
1125,8380,44.0,1.0,14.0,2.0,910.0,48.0,5.0,50.0,2.0,1.0,False
1126,8381,25.0,1.0,16.0,1.0,6230.0,303.0,0.0,40.0,1.0,1.0,False
1127,8382,29.0,7.0,21.0,2.0,205.0,35.0,0.0,40.0,2.0,1.0,False
1128,8383,28.0,2.0,15.0,1.0,2300.0,48.0,0.0,88.0,2.0,1.0,False
1129,8384,28.0,5.0,20.0,2.0,4622.0,13.0,12.0,40.0,2.0,1.0,False
1130,8385,43.0,3.0,20.0,1.0,2545.0,303.0,0.0,32.0,2.0,1.0,False
1131,8386,70.0,1.0,16.0,2.0,5400.0,35.0,0.0,35.0,2.0,1.0,False
1132,8387,57.0,4.0,18.0,1.0,2545.0,35.0,1.0,43.0,2.0,1.0,False
1133,8388,40.0,1.0,19.0,1.0,6850.0,8.0,1.0,40.0,1.0,1.0,True
1134,8389,25.0,1.0,14.0,2.0,6515.0,35.0,12.0,25.0,1.0,1.0,False
1135,8390,31.0,1.0,16.0,1.0,4251.0,8.0,1.0,40.0,2.0,1.0,False
1136,8391,25.0,1.0,19.0,1.0,3645.0,35.0,1.0,30.0,2.0,1.0,False
1137,8392,33.0,1.0,21.0,1.0,1021.0,35.0,0.0,40.0,1.0,1.0,True
1138,8393,73.0,3.0,19.0,1.0,2310.0,12.0,0.0,40.0,2.0,1.0,False
1139,8394,69.0,4.0,22.0,1.0,2320.0,20.0,1.0,40.0,1.0,1.0,True
1140,8395,53.0,4.0,22.0,1.0,230.0,56.0,1.0,60.0,1.0,1.0,False
1141,8396,64.0,1.0,14.0,2.0,6050.0,35.0,0.0,20.0,2.0,1.0,False
1142,8397,32.0,5.0,20.0,1.0,9430.0,110.0,0.0,50.0,1.0,1.0,False
1143,8398,36.0,3.0,19.0,2.0,3750.0,35.0,0.0,40.0,1.0,2.0,False
1144,8399,37.0,1.0,21.0,2.0,1021.0,35.0,0.0,50.0,2.0,1.0,True
1145,8400,26.0,1.0,20.0,2.0,1021.0,36.0,0.0,20.0,2.0,1.0,False
1146,8401,36.0,3.0,22.0,1.0,2002.0,35.0,1.0,40.0,2.0,1.0,True
1147,8402,48.0,2.0,21.0,1.0,726.0,20.0,1.0,50.0,2.0,1.0,True
1148,8403,36.0,1.0,14.0,2.0,5400.0,35.0,2.0,46.0,2.0,2.0,False
1149,8404,69.0,3.0,16.0,1.0,3602.0,35.0,1.0,40.0,2.0,2.0,False
1150,8405,58.0,1.0,12.0,1.0,8140.0,303.0,1.0,40.0,1.0,1.0,False
1151,8406,64.0,1.0,16.0,1.0,6441.0,35.0,0.0,40.0,1.0,1.0,True
1152,8407,37.0,1.0,17.0,2.0,4720.0,48.0,2.0,30.0,2.0,1.0,False
1153,8408,74.0,2.0,23.0,1.0,3090.0,36.0,1.0,60.0,1.0,1.0,True
1154,8409,64.0,1.0,20.0,2.0,3500.0,35.0,0.0,36.0,2.0,2.0,False
1155,8410,35.0,1.0,21.0,1.0,4700.0,6.0,0.0,45.0,1.0,1.0,True
1156,8411,35.0,5.0,21.0,1.0,1530.0,35.0,0.0,40.0,1.0,1.0,True
1157,8412,38.0,3.0,20.0,1.0,2011.0,35.0,0.0,25.0,2.0,1.0,False
1158,8413,25.0,1.0,18.0,2.0,5860.0,35.0,0.0,99.0,2.0,1.0,False
1159,8414,22.0,1.0,16.0,2.0,8740.0,35.0,0.0,40.0,1.0,1.0,False
1160,8415,44.0,1.0,19.0,2.0,7200.0,35.0,3.0,40.0,1.0,2.0,False
1161,8416,73.0,6.0,19.0,1.0,205.0,35.0,0.0,65.0,1.0,1.0,True
1162,8417,50.0,1.0,16.0,2.0,6260.0,4.0,2.0,30.0,1.0,2.0,False
1163,8418,71.0,6.0,18.0,2.0,4920.0,18.0,0.0,30.0,2.0,1.0,True
1164,8419,24.0,1.0,16.0,2.0,4110.0,35.0,0.0,50.0,1.0,1.0,False
1165,8420,63.0,4.0,21.0,1.0,2205.0,35.0,1.0,20.0,2.0,1.0,False
1166,8421,42.0,3.0,20.0,2.0,800.0,35.0,0.0,40.0,2.0,2.0,False
1167,8422,60.0,1.0,12.0,1.0,6800.0,303.0,1.0,50.0,1.0,1.0,False
1168,8423,69.0,3.0,16.0,1.0,7700.0,35.0,0.0,40.0,1.0,2.0,False
1169,8424,29.0,1.0,18.0,2.0,4040.0,35.0,0.0,40.0,2.0,1.0,False
1170,8425,21.0,1.0,19.0,2.0,4510.0,35.0,0.0,40.0,2.0,1.0,False
1171,8426,46.0,1.0,20.0,2.0,5240.0,35.0,2.0,40.0,2.0,1.0,False
1172,8427,29.0,1.0,22.0,1.0,1520.0,39.0,1.0,60.0,1.0,1.0,True
1173,8428,60.0,6.0,19.0,1.0,4920.0,41.0,1.0,65.0,2.0,1.0,True
1174,8429,56.0,1.0,20.0,1.0,5330.0,48.0,0.0,40.0,2.0,1.0,False
1175,8430,67.0,6.0,22.0,1.0,2850.0,30.0,0.0,5.0,1.0,1.0,True
1176,8431,39.0,1.0,18.0,1.0,160.0,35.0,0.0,43.0,1.0,1.0,False
1177,8432,55.0,1.0,21.0,2.0,4110.0,35.0,16.0,60.0,1.0,1.0,False
1178,8433,39.0,1.0,19.0,1.0,310.0,303.0,1.0,40.0,1.0,2.0,False
1179,8434,33.0,1.0,16.0,1.0,4240.0,48.0,0.0,40.0,1.0,1.0,False
1180,8435,67.0,6.0,18.0,2.0,205.0,36.0,0.0,40.0,1.0,1.0,False
1181,8436,66.0,4.0,21.0,2.0,2330.0,27.0,0.0,40.0,1.0,2.0,True
1182,8437,68.0,6.0,18.0,1.0,8335.0,35.0,0.0,45.0,1.0,1.0,False
1183,8438,29.0,4.0,21.0,2.0,2310.0,35.0,0.0,50.0,2.0,1.0,False
1184,8439,44.0,1.0,13.0,1.0,3602.0,35.0,1.0,30.0,2.0,1.0,False
1185,8440,53.0,6.0,19.0,2.0,9121.0,8.0,2.0,20.0,2.0,1.0,False
1186,8441,67.0,3.0,20.0,1.0,7640.0,35.0,0.0,9.0,1.0,1.0,True
1187,8442,30.0,1.0,16.0,2.0,9645.0,48.0,2.0,40.0,1.0,1.0,False
1188,8443,42.0,5.0,22.0,1.0,1530.0,35.0,1.0,40.0,2.0,2.0,True
1189,8444,54.0,1.0,19.0,2.0,7720.0,35.0,0.0,40.0,2.0,2.0,False
1190,8445,36.0,1.0,23.0,1.0,3250.0,12.0,0.0,45.0,2.0,1.0,True
1191,8446,48.0,3.0,21.0,1.0,2545.0,35.0,1.0,40.0,2.0,2.0,False
1192,8447,52.0,4.0,14.0,2.0,4220.0,35.0,0.0,40.0,2.0,1.0,False
1193,8448,55.0,1.0,21.0,2.0,9130.0,6.0,0.0,25.0,1.0,1.0,False
1194,8449,60.0,3.0,17.0,2.0,5860.0,35.0,0.0,40.0,2.0,1.0,False
1195,8450,45.0,6.0,20.0,1.0,3255.0,35.0,0.0,45.0,2.0,1.0,True
1196,8451,42.0,1.0,21.0,1.0,2014.0,35.0,1.0,40.0,2.0,1.0,False
1197,8452,39.0,1.0,21.0,1.0,220.0,48.0,0.0,60.0,1.0,1.0,True
1198,8453,20.0,1.0,19.0,2.0,4110.0,4.0,2.0,24.0,2.0,1.0,False
1199,8454,38.0,1.0,16.0,1.0,6950.0,469.0,0.0,40.0,1.0,2.0,True
1200,8455,21.0,1.0,13.0,1.0,4110.0,48.0,4.0,45.0,2.0,1.0,False
1201,8456,22.0,1.0,11.0,2.0,6260.0,35.0,7.0,42.0,1.0,2.0,False
1202,8457,26.0,1.0,18.0,1.0,4760.0,35.0,9.0,40.0,1.0,2.0,False
1203,8458,51.0,1.0,16.0,2.0,6260.0,35.0,13.0,40.0,1.0,1.0,True
1204,8459,30.0,1.0,16.0,1.0,7700.0,48.0,0.0,40.0,1.0,1.0,False
1205,8460,53.0,1.0,18.0,2.0,9142.0,35.0,0.0,30.0,1.0,2.0,False
1206,8461,39.0,5.0,18.0,1.0,9040.0,12.0,0.0,80.0,1.0,1.0,True
1207,8462,32.0,2.0,15.0,2.0,710.0,6.0,2.0,40.0,1.0,2.0,False
1208,8463,50.0,2.0,22.0,1.0,230.0,35.0,1.0,50.0,2.0,1.0,True
1209,8464,32.0,1.0,19.0,1.0,2145.0,35.0,0.0,38.0,2.0,1.0,False
1210,8465,64.0,6.0,21.0,2.0,410.0,40.0,0.0,12.0,2.0,1.0,False
1211,8466,34.0,5.0,21.0,2.0,7140.0,17.0,0.0,40.0,1.0,2.0,False
1212,8467,41.0,1.0,20.0,2.0,4110.0,35.0,7.0,40.0,2.0,2.0,False
1213,8468,48.0,8.0,19.0,2.0,6050.0,35.0,0.0,80.0,1.0,2.0,False
1214,8469,64.0,1.0,21.0,1.0,350.0,139.0,1.0,60.0,1.0,1.0,True
1215,8470,44.0,4.0,21.0,1.0,2545.0,18.0,17.0,20.0,1.0,1.0,False
1216,8471,25.0,1.0,19.0,2.0,3930.0,35.0,0.0,40.0,2.0,2.0,False
1217,8472,41.0,5.0,21.0,1.0,3300.0,18.0,0.0,50.0,1.0,1.0,True
1218,8473,66.0,2.0,21.0,1.0,2300.0,35.0,0.0,40.0,2.0,1.0,False
1219,8474,43.0,3.0,19.0,2.0,2320.0,35.0,0.0,40.0,1.0,2.0,True
1220,8475,44.0,3.0,19.0,1.0,4130.0,35.0,0.0,40.0,1.0,1.0,False
1221,8476,41.0,6.0,19.0,1.0,410.0,35.0,1.0,50.0,1.0,1.0,False
1222,8477,61.0,6.0,16.0,2.0,9620.0,303.0,0.0,35.0,1.0,1.0,False
1223,8478,47.0,4.0,22.0,1.0,440.0,35.0,1.0,50.0,2.0,1.0,True
1224,8479,36.0,5.0,20.0,2.0,1970.0,35.0,2.0,40.0,1.0,1.0,True
1225,8480,39.0,5.0,21.0,1.0,1760.0,16.0,0.0,40.0,2.0,1.0,True
1226,8481,40.0,1.0,21.0,1.0,9620.0,314.0,0.0,50.0,1.0,1.0,False
1227,8482,52.0,1.0,20.0,1.0,5240.0,35.0,2.0,36.0,2.0,2.0,False
1228,8483,20.0,1.0,16.0,2.0,9620.0,6.0,2.0,40.0,1.0,1.0,False
1229,8484,53.0,1.0,17.0,1.0,4720.0,303.0,1.0,20.0,2.0,1.0,False
1230,8485,52.0,1.0,22.0,1.0,710.0,138.0,1.0,40.0,1.0,1.0,True
1231,8486,27.0,1.0,16.0,1.0,4700.0,35.0,0.0,45.0,1.0,1.0,True
1232,8487,17.0,1.0,13.0,2.0,4600.0,35.0,2.0,20.0,2.0,1.0,False
1233,8488,36.0,5.0,21.0,1.0,2360.0,39.0,0.0,50.0,1.0,1.0,True
1234,8489,21.0,5.0,19.0,2.0,9645.0,4.0,17.0,40.0,1.0,1.0,False
1235,8490,22.0,1.0,21.0,2.0,5410.0,109.0,17.0,35.0,1.0,1.0,False
1236,8491,59.0,1.0,16.0,2.0,8990.0,35.0,15.0,40.0,1.0,2.0,True
1237,8492,56.0,1.0,17.0,2.0,4720.0,6.0,0.0,20.0,2.0,1.0,False
1238,8493,30.0,7.0,13.0,1.0,9130.0,303.0,1.0,70.0,1.0,1.0,False
1239,8494,39.0,1.0,19.0,2.0,4020.0,35.0,10.0,40.0,1.0,2.0,False
1240,8495,26.0,1.0,21.0,1.0,3649.0,35.0,0.0,42.0,2.0,1.0,False
1241,8496,41.0,1.0,17.0,1.0,8990.0,35.0,1.0,48.0,1.0,2.0,False
1242,8497,42.0,1.0,16.0,2.0,4140.0,35.0,13.0,40.0,1.0,1.0,False
1243,8498,30.0,5.0,21.0,2.0,800.0,35.0,12.0,40.0,1.0,2.0,False
1244,8499,22.0,1.0,19.0,2.0,4030.0,48.0,0.0,24.0,1.0,1.0,False
1245,8500,41.0,3.0,18.0,2.0,2310.0,35.0,13.0,40.0,2.0,1.0,False
1246,8501,56.0,1.0,23.0,1.0,2100.0,53.0,1.0,40.0,1.0,1.0,True
1247,8502,51.0,1.0,6.0,1.0,6260.0,303.0,1.0,40.0,1.0,2.0,False
1248,8503,36.0,7.0,19.0,2.0,440.0,35.0,0.0,40.0,1.0,1.0,True
1249,8504,22.0,1.0,19.0,2.0,5900.0,35.0,7.0,20.0,2.0,1.0,False
1250,8505,18.0,1.0,16.0,2.0,6530.0,35.0,2.0,40.0,1.0,2.0,False
1251,8506,25.0,5.0,16.0,2.0,7140.0,2.0,13.0,40.0,1.0,1.0,False
1252,8507,36.0,3.0,16.0,2.0,5860.0,35.0,2.0,30.0,2.0,2.0,False
1253,8508,22.0,1.0,19.0,2.0,4020.0,35.0,2.0,20.0,1.0,2.0,False
1254,8509,65.0,5.0,19.0,1.0,1022.0,129.0,0.0,40.0,1.0,1.0,True
1255,8510,53.0,5.0,22.0,1.0,440.0,35.0,1.0,1.0,2.0,2.0,True
1256,8511,21.0,1.0,21.0,1.0,5240.0,216.0,0.0,40.0,2.0,1.0,False
1257,8512,47.0,5.0,16.0,1.0,5740.0,35.0,1.0,40.0,2.0,1.0,True
1258,8513,69.0,4.0,22.0,2.0,2310.0,6.0,0.0,33.0,2.0,1.0,True
1259,8514,60.0,7.0,21.0,1.0,800.0,6.0,1.0,50.0,1.0,1.0,True
1260,8515,66.0,4.0,22.0,2.0,350.0,26.0,13.0,45.0,2.0,1.0,True
1261,8516,51.0,1.0,16.0,2.0,7330.0,35.0,5.0,40.0,1.0,1.0,False
1262,8517,65.0,1.0,21.0,1.0,2205.0,32.0,0.0,15.0,2.0,2.0,False
1263,8518,38.0,4.0,19.0,1.0,6442.0,35.0,9.0,40.0,1.0,2.0,False
1264,8519,17.0,1.0,14.0,2.0,4840.0,35.0,4.0,20.0,1.0,1.0,False
1265,8520,22.0,3.0,18.0,2.0,5860.0,35.0,0.0,40.0,2.0,1.0,False
1266,8521,41.0,1.0,19.0,1.0,440.0,26.0,1.0,25.0,1.0,2.0,False
1267,8522,22.0,2.0,21.0,2.0,3300.0,35.0,2.0,25.0,2.0,1.0,False
1268,8523,42.0,7.0,21.0,1.0,4760.0,13.0,0.0,40.0,1.0,1.0,True
1269,8524,51.0,1.0,19.0,1.0,7200.0,12.0,0.0,30.0,1.0,1.0,False
1270,8525,65.0,2.0,11.0,1.0,3601.0,4.0,0.0,36.0,2.0,2.0,False
1271,8526,69.0,3.0,22.0,1.0,420.0,35.0,0.0,40.0,2.0,2.0,True
1272,8527,66.0,1.0,21.0,2.0,9130.0,35.0,0.0,20.0,1.0,1.0,False
1273,8528,28.0,1.0,21.0,2.0,1050.0,35.0,0.0,45.0,1.0,2.0,False
1274,8529,51.0,1.0,24.0,1.0,440.0,360.0,0.0,40.0,1.0,1.0,True
1275,8530,17.0,1.0,16.0,1.0,4850.0,35.0,0.0,37.0,2.0,1.0,False
1276,8531,42.0,1.0,16.0,1.0,9121.0,303.0,1.0,45.0,1.0,1.0,True
1277,8532,64.0,3.0,20.0,1.0,2005.0,35.0,6.0,40.0,2.0,2.0,False
1278,8533,65.0,7.0,19.0,1.0,4700.0,35.0,0.0,30.0,1.0,1.0,True
1279,8534,37.0,1.0,17.0,2.0,4760.0,35.0,12.0,38.0,2.0,1.0,False
1280,8535,43.0,3.0,19.0,2.0,5000.0,35.0,0.0,40.0,2.0,2.0,False
1281,8536,65.0,1.0,18.0,2.0,3602.0,35.0,0.0,40.0,2.0,1.0,False
1282,8537,32.0,1.0,17.0,2.0,4020.0,35.0,0.0,40.0,1.0,1.0,False
1283,8538,50.0,1.0,20.0,1.0,3255.0,6.0,1.0,40.0,2.0,1.0,True
1284,8539,61.0,1.0,17.0,2.0,3602.0,35.0,0.0,25.0,2.0,2.0,False
1285,8540,25.0,1.0,16.0,2.0,4700.0,35.0,0.0,40.0,1.0,1.0,False
1286,8541,26.0,1.0,16.0,2.0,4251.0,48.0,16.0,40.0,1.0,1.0,False
1287,8542,23.0,1.0,20.0,2.0,6260.0,12.0,12.0,15.0,1.0,1.0,False
1288,8543,28.0,1.0,20.0,2.0,4110.0,30.0,2.0,37.0,2.0,1.0,False
1289,8544,40.0,1.0,18.0,1.0,7340.0,48.0,1.0,55.0,1.0,1.0,True
1290,8545,56.0,1.0,20.0,2.0,6260.0,35.0,0.0,40.0,1.0,2.0,False
1291,8546,22.0,5.0,16.0,2.0,7140.0,13.0,12.0,45.0,1.0,1.0,False
1292,8547,28.0,1.0,19.0,2.0,4251.0,42.0,13.0,40.0,1.0,1.0,False
1293,8548,25.0,1.0,20.0,2.0,6355.0,35.0,13.0,32.0,1.0,1.0,False
1294,8549,57.0,1.0,20.0,1.0,3255.0,39.0,0.0,42.0,1.0,1.0,True
1295,8550,32.0,1.0,22.0,1.0,1460.0,35.0,1.0,40.0,2.0,1.0,True
1296,8551,54.0,5.0,20.0,1.0,1900.0,39.0,0.0,40.0,2.0,1.0,False
1297,8552,61.0,5.0,19.0,2.0,7315.0,27.0,0.0,40.0,1.0,1.0,True
1298,8553,48.0,1.0,16.0,1.0,3930.0,36.0,1.0,40.0,1.0,1.0,False
1299,8554,18.0,1.0,16.0,2.0,6355.0,35.0,7.0,40.0,1.0,2.0,False
1300,8555,29.0,1.0,16.0,1.0,3645.0,5.0,0.0,40.0,2.0,2.0,False
1301,8556,19.0,1.0,18.0,2.0,4720.0,6.0,17.0,60.0,2.0,2.0,False
1302,8557,22.0,1.0,18.0,2.0,9645.0,35.0,0.0,40.0,1.0,1.0,False
1303,8558,40.0,5.0,21.0,1.0,9030.0,6.0,0.0,40.0,1.0,1.0,True
1304,8559,47.0,1.0,20.0,2.0,2440.0,42.0,0.0,6.0,2.0,1.0,False
1305,8560,70.0,1.0,16.0,2.0,5120.0,35.0,0.0,40.0,2.0,1.0,False
1306,8561,26.0,3.0,21.0,1.0,5740.0,35.0,0.0,40.0,2.0,1.0,False
1307,8562,46.0,4.0,22.0,1.0,3030.0,35.0,1.0,45.0,2.0,1.0,False
1308,8563,30.0,1.0,19.0,2.0,5165.0,35.0,7.0,40.0,2.0,2.0,False
1309,8564,31.0,3.0,21.0,1.0,2545.0,303.0,1.0,36.0,2.0,1.0,False
1310,8565,47.0,1.0,13.0,2.0,3601.0,35.0,0.0,40.0,2.0,2.0,False
1311,8566,69.0,1.0,22.0,2.0,4110.0,35.0,11.0,8.0,1.0,1.0,False
1312,8567,64.0,1.0,16.0,1.0,6200.0,35.0,0.0,38.0,1.0,1.0,False
1313,8568,35.0,6.0,16.0,2.0,2545.0,35.0,2.0,15.0,1.0,2.0,False
1314,8569,57.0,1.0,16.0,1.0,4510.0,217.0,1.0,15.0,2.0,2.0,False
1315,8570,60.0,6.0,16.0,2.0,6442.0,35.0,0.0,40.0,1.0,1.0,False
1316,8571,34.0,3.0,19.0,2.0,1105.0,35.0,15.0,40.0,1.0,1.0,False
1317,8572,58.0,1.0,22.0,2.0,2350.0,53.0,13.0,8.0,2.0,1.0,False
1318,8573,44.0,5.0,22.0,1.0,9810.0,51.0,0.0,72.0,1.0,1.0,True
1319,8574,23.0,1.0,19.0,2.0,4760.0,35.0,2.0,40.0,1.0,1.0,False
1320,8575,31.0,4.0,23.0,1.0,2100.0,34.0,1.0,15.0,1.0,1.0,False
1321,8576,32.0,1.0,20.0,2.0,310.0,48.0,2.0,40.0,2.0,1.0,True
1322,8577,58.0,1.0,22.0,2.0,1420.0,42.0,0.0,40.0,1.0,1.0,True
1323,8578,48.0,1.0,18.0,1.0,1545.0,35.0,0.0,30.0,1.0,1.0,False
1324,8579,58.0,4.0,1.0,1.0,4220.0,303.0,1.0,40.0,2.0,1.0,False
1325,8580,48.0,1.0,16.0,2.0,6260.0,6.0,3.0,30.0,1.0,1.0,False
1326,8581,32.0,4.0,21.0,2.0,1530.0,48.0,2.0,40.0,1.0,1.0,True
1327,8582,26.0,1.0,19.0,2.0,6050.0,303.0,0.0,46.0,2.0,1.0,False
1328,8583,48.0,1.0,16.0,1.0,4700.0,35.0,0.0,40.0,1.0,1.0,False
1329,8584,62.0,3.0,21.0,1.0,4400.0,207.0,0.0,40.0,2.0,2.0,False
1330,8585,45.0,3.0,20.0,1.0,3603.0,35.0,1.0,40.0,2.0,2.0,False
1331,8586,40.0,1.0,14.0,2.0,7340.0,48.0,0.0,70.0,1.0,1.0,True
1332,8587,31.0,5.0,22.0,1.0,705.0,35.0,0.0,44.0,1.0,1.0,True
1333,8588,26.0,1.0,16.0,1.0,8140.0,35.0,9.0,40.0,1.0,1.0,False
1334,8589,57.0,3.0,15.0,1.0,4020.0,303.0,1.0,40.0,2.0,1.0,False
1335,8590,43.0,3.0,16.0,1.0,4220.0,35.0,1.0,40.0,2.0,2.0,False
1336,8591,51.0,2.0,22.0,2.0,420.0,17.0,0.0,40.0,2.0,1.0,False
1337,8592,47.0,2.0,20.0,1.0,3602.0,4.0,9.0,40.0,2.0,2.0,False
1338,8593,19.0,1.0,16.0,2.0,4130.0,35.0,2.0,22.0,1.0,1.0,False
1339,8594,21.0,5.0,18.0,2.0,6600.0,35.0,10.0,40.0,1.0,2.0,False
1340,8595,71.0,1.0,21.0,1.0,4720.0,36.0,0.0,40.0,2.0,1.0,False
1341,8596,38.0,3.0,17.0,2.0,3601.0,35.0,0.0,40.0,2.0,1.0,False
1342,8597,29.0,1.0,18.0,2.0,410.0,6.0,0.0,40.0,2.0,2.0,False
1343,8598,71.0,3.0,24.0,1.0,705.0,48.0,1.0,40.0,1.0,1.0,False
1344,8599,22.0,1.0,21.0,2.0,4760.0,35.0,2.0,16.0,2.0,1.0,False
1345,8600,28.0,1.0,20.0,1.0,4760.0,35.0,0.0,40.0,1.0,1.0,False
1346,8601,24.0,1.0,18.0,2.0,4020.0,35.0,7.0,40.0,2.0,2.0,False
1347,8602,48.0,1.0,21.0,2.0,3630.0,17.0,11.0,25.0,2.0,1.0,False
1348,8603,41.0,1.0,21.0,1.0,10.0,139.0,1.0,60.0,1.0,1.0,True
1349,8604,32.0,4.0,23.0,2.0,2100.0,48.0,0.0,50.0,1.0,1.0,True
1350,8605,19.0,1.0,19.0,2.0,9645.0,35.0,17.0,40.0,1.0,1.0,False
1351,8606,58.0,1.0,21.0,2.0,300.0,36.0,0.0,40.0,1.0,1.0,True
1352,8607,62.0,6.0,21.0,1.0,5120.0,16.0,1.0,40.0,1.0,1.0,True
1353,8608,25.0,1.0,19.0,2.0,5610.0,35.0,0.0,40.0,2.0,2.0,False
1354,8609,43.0,1.0,19.0,1.0,5240.0,303.0,1.0,25.0,2.0,2.0,False
1355,8610,34.0,6.0,21.0,2.0,2634.0,66.0,13.0,40.0,2.0,2.0,False
1356,8611,39.0,4.0,21.0,1.0,2310.0,35.0,0.0,40.0,2.0,1.0,True
1357,8612,46.0,7.0,23.0,1.0,2100.0,35.0,1.0,50.0,1.0,1.0,True
1358,8613,49.0,1.0,16.0,1.0,8750.0,35.0,1.0,40.0,1.0,2.0,False
1359,8614,26.0,2.0,18.0,2.0,5740.0,35.0,7.0,40.0,2.0,2.0,False
1360,8615,61.0,1.0,18.0,2.0,4700.0,110.0,13.0,45.0,2.0,1.0,False
1361,8616,43.0,1.0,22.0,2.0,800.0,55.0,0.0,40.0,2.0,1.0,True
1362,8617,42.0,7.0,19.0,2.0,7640.0,303.0,0.0,50.0,1.0,1.0,True
1363,8618,38.0,7.0,21.0,1.0,2861.0,35.0,0.0,30.0,1.0,1.0,True
1364,8619,63.0,3.0,21.0,2.0,800.0,303.0,12.0,40.0,2.0,1.0,False
1365,8620,50.0,4.0,22.0,1.0,3258.0,18.0,0.0,40.0,2.0,1.0,True
1366,8621,46.0,1.0,20.0,1.0,2905.0,35.0,1.0,40.0,1.0,1.0,False
1367,8622,52.0,2.0,22.0,1.0,230.0,9.0,0.0,40.0,2.0,1.0,True
1368,8623,58.0,2.0,19.0,2.0,5740.0,6.0,0.0,40.0,2.0,1.0,False
1369,8624,20.0,1.0,19.0,2.0,9130.0,6.0,17.0,30.0,2.0,2.0,False
1370,8625,28.0,4.0,14.0,2.0,3602.0,35.0,0.0,35.0,2.0,2.0,False
1371,8626,39.0,5.0,20.0,1.0,9830.0,303.0,1.0,40.0,1.0,1.0,True
1372,8627,28.0,1.0,19.0,2.0,5330.0,35.0,2.0,40.0,2.0,2.0,False
1373,8628,38.0,6.0,16.0,1.0,3602.0,35.0,9.0,40.0,2.0,1.0,False
1374,8629,59.0,1.0,19.0,1.0,4220.0,35.0,0.0,40.0,1.0,2.0,False
1375,8630,40.0,1.0,20.0,1.0,6355.0,35.0,1.0,50.0,1.0,1.0,True
1376,8631,36.0,1.0,17.0,2.0,5740.0,35.0,15.0,30.0,2.0,2.0,False
1377,8632,61.0,1.0,20.0,2.0,5860.0,20.0,6.0,40.0,2.0,1.0,False
1378,8633,48.0,4.0,18.0,2.0,5860.0,48.0,0.0,40.0,2.0,1.0,True
1379,8634,22.0,1.0,19.0,1.0,5840.0,35.0,0.0,35.0,2.0,1.0,False
1380,8635,42.0,4.0,24.0,1.0,2205.0,6.0,1.0,60.0,1.0,1.0,True
1381,8636,30.0,5.0,21.0,1.0,9030.0,39.0,0.0,36.0,1.0,1.0,True
1382,8637,57.0,1.0,21.0,1.0,800.0,35.0,1.0,32.0,2.0,1.0,True
1383,8638,60.0,7.0,21.0,1.0,10.0,30.0,1.0,50.0,1.0,1.0,False
1384,8639,45.0,5.0,19.0,2.0,5740.0,35.0,0.0,40.0,2.0,2.0,False
1385,8640,60.0,1.0,15.0,1.0,6005.0,303.0,1.0,35.0,2.0,1.0,False
1386,8641,48.0,3.0,22.0,1.0,2310.0,341.0,1.0,35.0,2.0,2.0,False
1387,8642,52.0,1.0,17.0,1.0,4220.0,35.0,0.0,40.0,1.0,1.0,False
1388,8643,32.0,1.0,17.0,2.0,4055.0,4.0,0.0,35.0,2.0,2.0,False
1389,8644,61.0,2.0,23.0,1.0,3090.0,364.0,1.0,32.0,1.0,1.0,True
1390,8645,68.0,1.0,16.0,1.0,6050.0,35.0,0.0,40.0,1.0,2.0,True
1391,8646,42.0,1.0,20.0,2.0,3930.0,35.0,0.0,20.0,1.0,1.0,False
1392,8647,38.0,1.0,19.0,1.0,8140.0,35.0,9.0,40.0,1.0,2.0,False
1393,8648,40.0,4.0,16.0,2.0,4020.0,35.0,2.0,40.0,2.0,1.0,False
1394,8649,55.0,1.0,9.0,2.0,6515.0,23.0,0.0,40.0,1.0,1.0,False
1395,8650,60.0,2.0,19.0,1.0,1105.0,138.0,0.0,40.0,1.0,1.0,True
1396,8651,62.0,5.0,19.0,1.0,5100.0,35.0,0.0,40.0,2.0,2.0,False
1397,8652,41.0,1.0,19.0,2.0,6260.0,35.0,2.0,32.0,1.0,1.0,False
1398,8653,18.0,1.0,16.0,2.0,4230.0,303.0,0.0,60.0,2.0,1.0,False
1399,8654,57.0,1.0,18.0,1.0,4760.0,6.0,0.0,40.0,2.0,1.0,False
1400,8655,21.0,5.0,16.0,1.0,9825.0,53.0,1.0,50.0,1.0,1.0,False
1401,8656,44.0,6.0,13.0,1.0,205.0,35.0,0.0,48.0,1.0,2.0,False
1402,8657,46.0,3.0,18.0,1.0,2310.0,233.0,1.0,18.0,2.0,2.0,False
1403,8658,51.0,3.0,22.0,2.0,5740.0,48.0,0.0,40.0,2.0,1.0,True
1404,8659,54.0,1.0,22.0,2.0,3258.0,25.0,2.0,40.0,2.0,1.0,True
1405,8660,43.0,6.0,16.0,2.0,4710.0,303.0,0.0,40.0,2.0,1.0,False
1406,8661,68.0,1.0,19.0,1.0,4720.0,35.0,0.0,20.0,2.0,1.0,False
1407,8662,32.0,5.0,22.0,2.0,1010.0,33.0,0.0,40.0,1.0,1.0,False
1408,8663,34.0,1.0,16.0,1.0,4700.0,6.0,1.0,50.0,1.0,1.0,True
1409,8664,61.0,1.0,16.0,1.0,2360.0,35.0,1.0,40.0,1.0,2.0,True
1410,8665,32.0,2.0,21.0,1.0,440.0,26.0,1.0,40.0,2.0,1.0,True
1411,8666,58.0,5.0,22.0,1.0,800.0,34.0,1.0,40.0,2.0,1.0,True
1412,8667,56.0,1.0,18.0,1.0,5510.0,48.0,0.0,44.0,2.0,1.0,True
1413,8668,34.0,6.0,18.0,2.0,4040.0,35.0,0.0,38.0,1.0,1.0,False
1414,8669,28.0,5.0,22.0,2.0,1530.0,35.0,13.0,40.0,1.0,2.0,True
1415,8670,45.0,5.0,16.0,2.0,1430.0,35.0,0.0,40.0,1.0,1.0,False
1416,8671,24.0,1.0,20.0,2.0,3255.0,35.0,2.0,30.0,2.0,1.0,False
1417,8672,28.0,7.0,16.0,2.0,3603.0,35.0,0.0,40.0,2.0,2.0,False
1418,8673,49.0,5.0,16.0,1.0,1430.0,35.0,0.0,40.0,1.0,1.0,False
1419,8674,66.0,6.0,22.0,2.0,800.0,12.0,0.0,20.0,2.0,1.0,True
1420,8675,32.0,1.0,17.0,1.0,1555.0,35.0,0.0,40.0,2.0,1.0,True
1421,8676,42.0,6.0,16.0,2.0,6260.0,35.0,2.0,27.0,1.0,2.0,False
1422,8677,24.0,1.0,21.0,2.0,5240.0,36.0,12.0,40.0,2.0,1.0,False
1423,8678,40.0,1.0,16.0,2.0,705.0,35.0,0.0,40.0,1.0,2.0,False
1424,8679,36.0,2.0,22.0,2.0,420.0,35.0,0.0,40.0,1.0,2.0,False
1425,8680,55.0,3.0,19.0,2.0,810.0,35.0,13.0,40.0,1.0,1.0,False
1426,8681,59.0,1.0,19.0,1.0,4040.0,35.0,1.0,20.0,2.0,1.0,False
1427,8682,35.0,2.0,21.0,2.0,3255.0,42.0,0.0,50.0,2.0,1.0,True
1428,8683,54.0,1.0,16.0,2.0,6230.0,26.0,13.0,13.0,1.0,1.0,False
1429,8684,59.0,3.0,18.0,2.0,2545.0,35.0,0.0,40.0,2.0,2.0,False
1430,8685,20.0,1.0,16.0,2.0,4720.0,48.0,2.0,40.0,2.0,1.0,False
1431,8686,72.0,6.0,19.0,1.0,4350.0,4.0,0.0,50.0,1.0,1.0,True
1432,8687,41.0,1.0,19.0,2.0,4720.0,48.0,6.0,12.0,2.0,1.0,False
1433,8688,57.0,1.0,20.0,1.0,7200.0,8.0,0.0,40.0,1.0,1.0,False
1434,8689,54.0,3.0,22.0,1.0,2310.0,20.0,0.0,40.0,2.0,1.0,False
1435,8690,39.0,1.0,21.0,1.0,850.0,35.0,0.0,45.0,1.0,1.0,False
1436,8691,59.0,6.0,16.0,1.0,4230.0,303.0,1.0,16.0,2.0,1.0,False
1437,8692,31.0,1.0,16.0,1.0,8990.0,303.0,1.0,40.0,1.0,1.0,False
1438,8693,33.0,1.0,21.0,1.0,565.0,35.0,0.0,40.0,1.0,1.0,True
1439,8694,19.0,1.0,19.0,2.0,4110.0,212.0,2.0,20.0,2.0,1.0,False
1440,8695,28.0,1.0,16.0,2.0,2145.0,303.0,0.0,40.0,1.0,1.0,False
1441,8696,27.0,1.0,18.0,2.0,3640.0,35.0,13.0,38.0,2.0,1.0,False
1442,8697,68.0,1.0,19.0,1.0,4720.0,8.0,0.0,15.0,2.0,2.0,False
1443,8698,60.0,1.0,16.0,1.0,4220.0,35.0,0.0,8.0,1.0,1.0,False
1444,8699,28.0,3.0,19.0,2.0,2025.0,35.0,7.0,40.0,1.0,2.0,False
1445,8700,59.0,1.0,17.0,1.0,6850.0,12.0,1.0,40.0,1.0,1.0,True
1446,8701,20.0,1.0,17.0,2.0,8225.0,35.0,2.0,25.0,1.0,1.0,False
1447,8702,56.0,1.0,14.0,1.0,8760.0,4.0,1.0,40.0,1.0,2.0,False
1448,8703,55.0,5.0,21.0,1.0,7020.0,17.0,0.0,40.0,1.0,1.0,True
1449,8704,54.0,1.0,19.0,2.0,4020.0,35.0,0.0,40.0,1.0,1.0,True
1450,8705,48.0,1.0,19.0,2.0,4000.0,35.0,0.0,40.0,1.0,1.0,False
